block,seq,yaw
sq_a@090,1,-1.6140
sq_a@090,2,-2.3240
sq_a@090,3,-1.6020
sq_a@090,4,-0.1420
sq_a@090,5,-0.1800
sq_a@090,6,-1.6240
sq_a@090,7,-0.1430
sq_a@090,8,-0.8580
sq_a@090,9,-0.7160
sq_a@090,10,-0.7160
sq_a@090,11,-0.7160
sq_a@090,12,-2.1360
sq_a@090,13,-1.4210
sq_a@090,14,0.0000
sq_a@090,15,-1.0020
sq_a@090,16,-1.2860
sq_a@090,17,-1.4300
sq_a@090,18,-2.1390
sq_a@090,19,-2.1390
sq_a@090,20,-3.0360
sq_a@090,21,-2.1390
sq_a@090,22,-0.5780
sq_a@090,23,-2.1400
sq_a@090,24,-1.4400
sq_a@090,25,-0.7180
sq_a@090,26,-1.6300
sq_a@090,27,-0.7230
sq_a@090,28,0.0000
sq_a@090,29,0.0000
sq_a@090,30,-2.1560
sq_a@090,31,-0.7200
sq_a@090,32,0.0000
sq_a@090,33,-2.1420
sq_a@090,34,-1.4360
sq_a@090,35,-1.4420
sq_a@090,36,-1.4350
sq_a@090,37,-3.7410
sq_a@090,38,-0.1440
sq_a@090,39,-0.7130
sq_a@090,40,-1.9180
sq_a@090,41,0.0000
sq_a@090,42,-2.3300
sq_a@090,43,-0.7130
sq_a@090,44,-2.1250
sq_a@090,45,-1.0450
sq_a@090,46,-2.1350
sq_a@090,47,-2.3140
sq_a@090,48,-3.0150
sq_a@090,49,-1.6050
sq_a@090,50,-1.9020
sq_a@090,51,-2.3140
sq_a@090,52,-0.9000
sq_a@090,53,-0.8590
sq_a@090,54,-2.1350
sq_a@090,55,-2.3270
sq_a@090,56,-3.0320
sq_a@090,57,-2.3250
sq_a@090,58,-3.0320
sq_a@090,59,-1.6150
sq_a@090,60,-0.9000
sq_a@090,61,-2.1920
sq_a@090,62,-1.6150
sq_a@090,63,-0.9000
sq_a@090,64,-1.6150
sq_a@090,65,-1.0430
sq_a@090,66,-0.9000
sq_a@090,67,-0.7110
sq_a@090,68,-1.6200
sq_a@090,69,-0.8990
sq_a@090,70,0.0000
sq_a@090,71,-2.4650
sq_a@090,72,-1.6030
sq_a@090,73,-0.8990
sq_a@090,74,-1.7550
sq_a@090,75,-1.0420
sq_a@090,76,-0.7140
sq_a@090,77,-1.7560
sq_a@090,78,-1.6130
sq_a@090,79,-1.6030
sq_a@090,80,-0.8930
sq_a@090,81,-1.7650
sq_a@090,82,-2.3240
sq_a@090,83,-0.9040
sq_a@090,84,-0.9000
sq_a@090,85,-0.8570
sq_a@090,86,0.3980
sq_a@090,87,-2.3350
sq_a@090,88,-1.6130
sq_a@090,89,-0.7230
sq_a@090,90,0.5810
sq_a@090,91,0.0000
sq_a@090,92,-1.7630
sq_a@090,93,-1.6090
sq_a@090,94,-0.1790
sq_a@090,95,-1.7510
sq_a@090,96,-3.0220
sq_a@090,97,-2.4480
sq_a@090,98,-3.0210
sq_a@090,99,-3.7190
sq_a@090,100,0.0000
sq_a@090,101,-1.6000
sq_a@090,102,-0.1460
sq_a@090,103,-1.6120
sq_a@090,104,-1.6130
sq_a@090,105,-2.3330
sq_a@090,106,0.0000
sq_a@090,107,-2.3340
sq_a@090,108,-3.0290
sq_a@090,109,-2.3250
sq_a@090,110,-1.7570
sq_a@090,111,-1.6150
sq_a@090,112,-0.7160
sq_a@090,113,-0.7190
sq_a@090,114,-1.5690
sq_a@090,115,-1.2850
sq_a@090,116,-1.4280
sq_a@090,117,-1.0090
sq_a@090,118,-1.6280
sq_a@090,119,-2.1250
sq_a@090,120,-3.0360
sq_a@090,121,-1.4390
sq_a@090,122,-3.9140
sq_a@090,123,-1.4400
sq_a@090,124,-1.5830
sq_a@090,125,-2.1400
sq_a@090,126,-0.1430
sq_a@090,127,-1.4310
sq_a@090,128,-1.9970
sq_a@090,129,-0.7140
sq_a@090,130,-0.7140
sq_a@090,131,-1.4320
sq_a@090,132,-0.7140
left30@090,133,-20.0300
left30@090,134,-19.0800
left30@090,135,-17.0040
left30@090,136,-17.7840
left30@090,137,-19.0300
left30@090,138,-18.0950
left30@090,139,-17.9000
left30@090,140,-17.7180
left30@090,141,-15.6630
left30@090,142,-20.8170
left30@090,143,-18.4940
left30@090,144,-19.3970
left30@090,145,-18.8280
left30@090,146,-18.6410
left30@090,147,-18.2110
left30@090,148,-18.9400
left30@090,149,-17.3000
left30@090,150,-18.3590
left30@090,151,-15.9390
left30@090,152,-17.3170
left30@090,153,-14.4970
left30@090,154,-15.8340
left30@090,155,-16.7620
left30@090,156,-15.3570
left30@090,157,-17.6380
left30@090,158,-16.6490
left30@090,159,-16.1330
left30@090,160,-16.1980
left30@090,161,-14.7650
left30@090,162,-17.0410
left30@090,163,-14.5070
left30@090,164,-15.3010
left30@090,165,-16.9460
left30@090,166,-14.5220
left30@090,167,-13.9300
left30@090,168,-15.5420
left30@090,169,-16.3150
left30@090,170,-13.7780
left30@090,171,-17.0910
left30@090,172,-13.7280
left30@090,173,-13.1880
left30@090,174,-14.6370
left30@090,175,-14.0040
left30@090,176,-15.7630
left30@090,177,-14.1200
left30@090,178,-14.3770
left30@090,179,-13.4800
left30@090,180,-17.4470
left30@090,181,-13.1410
left30@090,182,-14.3270
left30@090,183,-14.2620
left30@090,184,-15.9080
left30@090,185,-14.2520
left30@090,186,-11.6230
left30@090,187,-14.2770
left30@090,188,-13.2660
left30@090,189,-17.4520
left30@090,190,-17.3460
left30@090,191,-16.0450
left30@090,192,-16.8230
left30@090,193,-15.2360
left30@090,194,-15.9150
left30@090,195,-14.2450
left30@090,196,-15.1310
left30@090,197,-16.5510
left30@090,198,-14.8970
left30@090,199,-13.9640
left30@090,200,-15.9010
left30@090,201,-13.5730
left30@090,202,-13.3650
left30@090,203,-16.0610
left30@090,204,-15.2800
left30@090,205,-17.3160
left30@090,206,-15.9070
left30@090,207,-16.6210
left30@090,208,-14.1230
left30@090,209,-14.7780
left30@090,210,-15.7010
left30@090,211,-15.9330
left30@090,212,-16.5440
left30@090,213,-16.5470
left30@090,214,-12.3330
left30@090,215,-16.5450
left30@090,216,-12.5000
left30@090,217,-14.1370
left30@090,218,-15.1750
left30@090,219,-17.3110
left30@090,220,-15.1590
left30@090,221,-15.8580
left30@090,222,-16.6970
left30@090,223,-12.5040
left30@090,224,-14.1250
left30@090,225,-17.2030
left30@090,226,-15.1200
left30@090,227,-15.1230
left30@090,228,-15.0130
left30@090,229,-14.3260
left30@090,230,-15.1620
left30@090,231,-14.9370
left30@090,232,-11.6260
left30@090,233,-13.1480
left30@090,234,-12.6110
left30@090,235,-13.3220
left30@090,236,-13.3850
left30@090,237,-13.2200
left30@090,238,-15.8060
left30@090,239,-13.2700
left30@090,240,-15.1280
left30@090,241,-15.0030
left30@090,242,-17.4800
left30@090,243,-18.4320
left30@090,244,-16.7100
left30@090,245,-16.8280
left30@090,246,-17.4770
left30@090,247,-18.4200
left30@090,248,-16.6720
left30@090,249,-18.4180
left30@090,250,-16.7050
left30@090,251,-15.4500
left30@090,252,-13.4390
left30@090,253,-15.2910
left30@090,254,-14.2380
left30@090,255,-12.6150
left30@090,256,-15.1340
left30@090,257,-11.7920
left30@090,258,-16.8530
left30@090,259,-15.1110
left30@090,260,-17.0690
left30@090,261,-13.9690
left30@090,262,-15.0000
left30@090,263,-14.7640
right30@090,264,30.8400
right30@090,265,32.0680
right30@090,266,31.9590
right30@090,267,34.7490
right30@090,268,33.9190
right30@090,269,34.6120
right30@090,270,32.5670
right30@090,271,32.5090
right30@090,272,30.0790
right30@090,273,28.5820
right30@090,274,27.4310
right30@090,275,26.9820
right30@090,276,26.5790
right30@090,277,28.9450
right30@090,278,30.8200
right30@090,279,31.4400
right30@090,280,34.7400
right30@090,281,33.6050
right30@090,282,35.0080
right30@090,283,33.6030
right30@090,284,34.8460
right30@090,285,34.3140
right30@090,286,32.5320
right30@090,287,34.8510
right30@090,288,25.2960
right30@090,289,25.9400
right30@090,290,51.2620
right30@090,291,29.8300
right30@090,292,27.4910
right30@090,293,28.8320
right30@090,294,28.9550
right30@090,295,28.7310
right30@090,296,28.7470
right30@090,297,26.1560
right30@090,298,29.2050
right30@090,299,26.8750
right30@090,300,29.2290
right30@090,301,28.6270
right30@090,302,28.0400
right30@090,303,25.4030
right30@090,304,25.3960
right30@090,305,24.6730
right30@090,306,25.8090
right30@090,307,26.9180
right30@090,308,25.3920
right30@090,309,27.0510
right30@090,310,28.6100
right30@090,311,25.8060
right30@090,312,27.7560
right30@090,313,28.8060
right30@090,314,32.2520
right30@090,315,28.7190
right30@090,316,30.6460
right30@090,317,29.5850
right30@090,318,44.5050
right30@090,319,31.2680
right30@090,320,29.1600
right30@090,321,49.8600
right30@090,322,28.7870
right30@090,323,28.3670
right30@090,324,31.7920
right30@090,325,32.6710
right30@090,326,30.8510
right30@090,327,37.4500
right30@090,328,43.7250
right30@090,329,39.6070
right30@090,330,39.3020
right30@090,331,39.0900
right30@090,332,40.4050
right30@090,333,34.6510
right30@090,334,37.8810
right30@090,335,38.2920
right30@090,336,42.2280
right30@090,337,42.0160
right30@090,338,41.4230
right30@090,339,36.4700
right30@090,340,35.3660
right30@090,341,42.3690
right30@090,342,36.0140
right30@090,343,39.0960
right30@090,344,38.1000
right30@090,345,37.3570
right30@090,346,39.5410
right30@090,347,37.0550
right30@090,348,45.0380
right30@090,349,41.5390
right30@090,350,37.9680
right30@090,351,37.5380
right30@090,352,31.7420
right30@090,353,37.2680
right30@090,354,29.2350
right30@090,355,27.6480
right30@090,356,27.4020
right30@090,357,25.6970
right30@090,358,26.7290
right30@090,359,24.0010
right30@090,360,24.5270
right30@090,361,26.0380
right30@090,362,25.1130
right30@090,363,23.6640
right30@090,364,25.8780
right30@090,365,26.9270
right30@090,366,25.3490
right30@090,367,25.6090
right30@090,368,25.7800
right30@090,369,25.4140
right30@090,370,26.1450
right30@090,371,25.9400
right30@090,372,28.8800
right30@090,373,48.1260
right30@090,374,47.9440
right30@090,375,24.4970
right30@090,376,22.5350
right30@090,377,48.0780
right30@090,378,23.1380
right30@090,379,23.7530
right30@090,380,29.4340
right30@090,381,24.6260
right30@090,382,22.1890
right30@090,383,25.2580
right30@090,384,31.9980
right30@090,385,28.7310
right30@090,386,26.8530
right30@090,387,24.9160
right30@090,388,30.3180
right30@090,389,25.6170
right30@090,390,36.4520
right30@090,391,25.6520
right30@090,392,24.9790
right30@090,393,32.6120
right30@090,394,33.3840
right30@090,395,38.6160
left45@090,396,-19.4080
left45@090,397,-13.8890
left45@090,398,-17.0610
left45@090,399,-21.1170
left45@090,400,-22.6560
left45@090,401,-12.6200
left45@090,402,-19.5280
left45@090,403,-13.6260
left45@090,404,-25.7580
left45@090,405,-21.5110
left45@090,406,-21.4570
left45@090,407,-21.5280
left45@090,408,-21.5420
left45@090,409,-20.5700
left45@090,410,-22.0070
left45@090,411,-22.9520
left45@090,412,-22.9330
left45@090,413,-19.9890
left45@090,414,-21.7410
left45@090,415,-21.5080
left45@090,416,-21.2380
left45@090,417,-23.0660
left45@090,418,-19.5060
left45@090,419,-23.3210
left45@090,420,-23.4930
left45@090,421,-21.4800
left45@090,422,-22.7120
left45@090,423,-22.7060
left45@090,424,-23.4890
left45@090,425,-22.8870
left45@090,426,-23.4260
left45@090,427,-25.4480
left45@090,428,-23.0230
left45@090,429,-22.3090
left45@090,430,-21.4770
left45@090,431,-19.7460
left45@090,432,-22.9960
left45@090,433,-20.2210
left45@090,434,-23.1760
left45@090,435,-20.4570
left45@090,436,-25.0040
left45@090,437,-25.0690
left45@090,438,-23.0380
left45@090,439,-24.3800
left45@090,440,-21.7750
left45@090,441,-25.9350
left45@090,442,-25.1250
left45@090,443,-22.4570
left45@090,444,-19.0400
left45@090,445,-18.1340
left45@090,446,-19.5420
left45@090,447,-22.8750
left45@090,448,-22.2140
left45@090,449,-19.5350
left45@090,450,-21.1730
left45@090,451,-16.6500
left45@090,452,-20.9140
left45@090,453,-20.8990
left45@090,454,-21.1310
left45@090,455,-19.9170
left45@090,456,-18.1570
left45@090,457,-19.8390
left45@090,458,-19.6330
left45@090,459,-18.3640
left45@090,460,-22.1540
left45@090,461,-22.4020
left45@090,462,-18.7490
left45@090,463,-17.8950
left45@090,464,-21.1830
left45@090,465,-21.7390
left45@090,466,-20.3420
left45@090,467,-20.2990
left45@090,468,-20.5920
left45@090,469,-21.6880
left45@090,470,-22.7760
left45@090,471,-20.6550
left45@090,472,-30.8900
left45@090,473,-30.8350
left45@090,474,-33.0130
left45@090,475,-27.8410
left45@090,476,-33.2160
left45@090,477,-32.6510
left45@090,478,-32.1170
left45@090,479,-30.5810
left45@090,480,-31.0200
left45@090,481,-30.1660
left45@090,482,-28.1690
left45@090,483,-27.3780
left45@090,484,-25.9990
left45@090,485,-25.5830
left45@090,486,-26.0770
left45@090,487,-26.8630
left45@090,488,-25.8170
left45@090,489,-25.7450
left45@090,490,-27.0810
left45@090,491,-29.1490
left45@090,492,-26.9470
left45@090,493,-27.7420
left45@090,494,-29.0280
left45@090,495,-27.6090
left45@090,496,-27.6020
left45@090,497,-27.0420
left45@090,498,-26.5070
left45@090,499,-26.9980
left45@090,500,-27.4280
left45@090,501,-28.2980
left45@090,502,-27.7270
left45@090,503,-27.0280
left45@090,504,-27.7250
left45@090,505,-27.8020
left45@090,506,-27.2230
left45@090,507,-27.4230
left45@090,508,-27.9390
left45@090,509,-26.9480
left45@090,510,-26.0880
left45@090,511,-28.3650
left45@090,512,-25.9580
left45@090,513,-27.6490
left45@090,514,-27.6540
left45@090,515,-26.8890
left45@090,516,-28.3530
left45@090,517,-25.4260
left45@090,518,-28.9440
left45@090,519,-26.3600
left45@090,520,-27.3080
left45@090,521,-27.0040
left45@090,522,-26.0610
left45@090,523,-27.7560
left45@090,524,-25.2670
left45@090,525,-25.2720
left45@090,526,-25.3220
left45@090,527,-26.7930
left45@090,528,-24.5870
right45@090,529,30.4030
right45@090,530,31.1870
right45@090,531,30.1630
right45@090,532,31.3330
right45@090,533,30.5620
right45@090,534,31.0490
right45@090,535,30.3470
right45@090,536,29.9250
right45@090,537,30.8020
right45@090,538,30.7950
right45@090,539,29.6780
right45@090,540,30.5760
right45@090,541,29.5290
right45@090,542,30.0690
right45@090,543,30.5850
right45@090,544,29.9950
right45@090,545,30.7690
right45@090,546,30.7980
right45@090,547,31.4070
right45@090,548,30.4110
right45@090,549,30.6360
right45@090,550,32.6700
right45@090,551,31.6520
right45@090,552,32.0640
right45@090,553,31.8110
right45@090,554,32.2190
right45@090,555,31.4900
right45@090,556,30.8930
right45@090,557,31.4680
right45@090,558,31.4310
right45@090,559,30.2710
right45@090,560,31.9470
right45@090,561,31.5740
right45@090,562,30.5540
right45@090,563,31.3530
right45@090,564,30.6600
right45@090,565,30.2880
right45@090,566,30.5730
right45@090,567,30.5630
right45@090,568,31.7390
right45@090,569,31.3370
right45@090,570,30.8340
right45@090,571,31.0800
right45@090,572,31.8270
right45@090,573,30.8480
right45@090,574,30.5820
right45@090,575,29.6850
right45@090,576,30.8750
right45@090,577,30.5970
right45@090,578,30.3180
right45@090,579,29.4730
right45@090,580,29.2470
right45@090,581,30.3170
right45@090,582,31.6240
right45@090,583,30.1780
right45@090,584,29.3050
right45@090,585,28.5270
right45@090,586,29.3270
right45@090,587,28.5360
right45@090,588,29.7320
right45@090,589,28.5460
right45@090,590,29.7300
right45@090,591,28.8370
right45@090,592,28.8180
right45@090,593,28.4540
right45@090,594,29.7250
right45@090,595,28.5010
right45@090,596,29.8690
right45@090,597,29.3540
right45@090,598,28.7620
right45@090,599,29.6300
right45@090,600,30.1660
right45@090,601,30.0450
right45@090,602,29.3670
right45@090,603,29.1310
right45@090,604,28.4500
right45@090,605,30.9080
right45@090,606,29.8290
right45@090,607,30.2840
right45@090,608,28.8680
right45@090,609,30.4260
right45@090,610,31.5480
right45@090,611,30.4480
right45@090,612,31.1990
right45@090,613,31.1090
right45@090,614,30.3450
right45@090,615,30.5890
right45@090,616,31.4400
right45@090,617,32.0390
right45@090,618,28.9110
right45@090,619,31.6940
right45@090,620,30.4430
right45@090,621,32.2280
right45@090,622,28.1800
right45@090,623,31.6640
right45@090,624,31.3810
right45@090,625,31.6870
right45@090,626,29.8170
right45@090,627,29.7180
right45@090,628,27.9810
right45@090,629,30.0820
right45@090,630,29.5590
right45@090,631,28.6520
right45@090,632,28.5260
right45@090,633,28.6500
right45@090,634,29.4300
right45@090,635,28.6590
right45@090,636,28.6520
right45@090,637,28.3820
right45@090,638,29.4500
right45@090,639,28.6190
right45@090,640,28.8920
right45@090,641,27.8530
right45@090,642,28.6450
right45@090,643,29.2560
right45@090,644,29.1500
right45@090,645,30.5750
right45@090,646,28.3660
right45@090,647,28.3700
right45@090,648,27.6860
right45@090,649,28.8870
right45@090,650,28.5670
right45@090,651,29.5270
right45@090,652,29.2870
right45@090,653,29.2800
right45@090,654,28.5740
right45@090,655,28.3840
right45@090,656,29.2950
right45@090,657,29.2870
right45@090,658,28.7870
right45@090,659,29.7850
left60@090,660,-37.7090
left60@090,661,-34.7190
left60@090,662,-34.7900
left60@090,663,-37.6900
left60@090,664,-34.1940
left60@090,665,-36.5500
left60@090,666,-37.9190
left60@090,667,-33.3670
left60@090,668,-38.0650
left60@090,669,-38.7250
left60@090,670,-35.8100
left60@090,671,-37.3820
left60@090,672,-38.4100
left60@090,673,-38.5990
left60@090,674,-37.9270
left60@090,675,-36.8710
left60@090,676,-36.4380
left60@090,677,-37.2020
left60@090,678,-34.9100
left60@090,679,-32.9470
left60@090,680,-31.6010
left60@090,681,-31.5700
left60@090,682,-31.4570
left60@090,683,-31.6620
left60@090,684,-29.3860
left60@090,685,-29.7570
left60@090,686,-30.5900
left60@090,687,-30.9150
left60@090,688,-29.7880
left60@090,689,-29.6380
left60@090,690,-30.6630
left60@090,691,-31.3490
left60@090,692,-30.3990
left60@090,693,-29.8630
left60@090,694,-31.4000
left60@090,695,-32.4020
left60@090,696,-31.4750
left60@090,697,-31.8650
left60@090,698,-31.0480
left60@090,699,-32.9020
left60@090,700,-31.1880
left60@090,701,-31.2050
left60@090,702,-30.5690
left60@090,703,-30.3310
left60@090,704,-33.6330
left60@090,705,-32.0770
left60@090,706,-32.1400
left60@090,707,-33.0740
left60@090,708,-32.4200
left60@090,709,-32.8450
left60@090,710,-30.4170
left60@090,711,-30.4710
left60@090,712,-33.4640
left60@090,713,-32.9270
left60@090,714,-32.5520
left60@090,715,-32.0140
left60@090,716,-32.1200
left60@090,717,-32.2900
left60@090,718,-32.9370
left60@090,719,-33.2380
left60@090,720,-30.8970
left60@090,721,-33.4310
left60@090,722,-32.0660
left60@090,723,-33.0370
left60@090,724,-33.0420
left60@090,725,-32.7060
left60@090,726,-33.3500
left60@090,727,-32.1820
left60@090,728,-31.4500
left60@090,729,-52.7160
left60@090,730,-33.3580
left60@090,731,-31.7310
left60@090,732,-34.4770
left60@090,733,-32.8180
left60@090,734,-33.6550
left60@090,735,-32.8160
left60@090,736,-32.8080
left60@090,737,-34.0790
left60@090,738,-33.3840
left60@090,739,-33.3660
left60@090,740,-30.3480
left60@090,741,-33.0730
left60@090,742,-32.8410
left60@090,743,-34.9550
left60@090,744,-30.3300
left60@090,745,-34.6300
left60@090,746,-34.7660
left60@090,747,-33.6810
left60@090,748,-52.5240
left60@090,749,-33.1590
left60@090,750,-31.9920
left60@090,751,-33.3110
left60@090,752,-33.3290
left60@090,753,-32.7620
left60@090,754,-33.4100
left60@090,755,-35.3460
left60@090,756,-32.0940
left60@090,757,-32.0990
left60@090,758,-34.6330
left60@090,759,-32.1220
left60@090,760,-34.4230
left60@090,761,-34.9440
left60@090,762,-33.3300
left60@090,763,-33.7300
left60@090,764,-34.2980
left60@090,765,-33.7140
left60@090,766,-34.0030
left60@090,767,-33.6920
left60@090,768,-33.0270
left60@090,769,-34.2990
left60@090,770,-35.0640
left60@090,771,-32.4860
left60@090,772,-32.6510
left60@090,773,-33.8690
left60@090,774,-32.9230
left60@090,775,-33.1330
left60@090,776,-32.4980
left60@090,777,-34.5930
left60@090,778,-35.7070
left60@090,779,-35.9150
left60@090,780,-34.4060
left60@090,781,-34.6350
left60@090,782,-33.9950
left60@090,783,-33.3480
left60@090,784,-31.8160
left60@090,785,-33.1040
left60@090,786,-33.6650
left60@090,787,-34.3740
left60@090,788,-33.7710
left60@090,789,-34.0780
left60@090,790,-33.8270
right60@090,791,35.2670
right60@090,792,34.6160
right60@090,793,32.4770
right60@090,794,32.4570
right60@090,795,30.8960
right60@090,796,31.3680
right60@090,797,29.8660
right60@090,798,30.2060
right60@090,799,29.1430
right60@090,800,31.8000
right60@090,801,33.5670
right60@090,802,33.5850
right60@090,803,33.5900
right60@090,804,32.6910
right60@090,805,32.3460
right60@090,806,32.5760
right60@090,807,32.0550
right60@090,808,32.5490
right60@090,809,35.6780
right60@090,810,31.9240
right60@090,811,33.6760
right60@090,812,33.5260
right60@090,813,29.7030
right60@090,814,30.6050
right60@090,815,34.4210
right60@090,816,34.3700
right60@090,817,35.2530
right60@090,818,35.8350
right60@090,819,36.5480
right60@090,820,35.1650
right60@090,821,36.4600
right60@090,822,37.4210
right60@090,823,34.8200
right60@090,824,34.7990
right60@090,825,37.8560
right60@090,826,34.8550
right60@090,827,35.6680
right60@090,828,35.2070
right60@090,829,34.4830
right60@090,830,34.4750
right60@090,831,33.3590
right60@090,832,35.2730
right60@090,833,34.1020
right60@090,834,32.5250
right60@090,835,35.9120
right60@090,836,33.0280
right60@090,837,35.1700
right60@090,838,35.8880
right60@090,839,33.7160
right60@090,840,34.6850
right60@090,841,33.7480
right60@090,842,33.7660
right60@090,843,33.7580
right60@090,844,33.1480
right60@090,845,34.9400
right60@090,846,35.2020
right60@090,847,35.9230
right60@090,848,34.2000
right60@090,849,33.9390
right60@090,850,35.1840
right60@090,851,33.4880
right60@090,852,33.0640
right60@090,853,35.1870
right60@090,854,34.6560
right60@090,855,35.1250
right60@090,856,34.3670
right60@090,857,35.5560
right60@090,858,34.6040
right60@090,859,35.2690
right60@090,860,34.5650
right60@090,861,34.1550
right60@090,862,35.2980
right60@090,863,33.4290
right60@090,864,32.2740
right60@090,865,33.7350
right60@090,866,34.0590
right60@090,867,33.5090
right60@090,868,34.9590
right60@090,869,34.0750
right60@090,870,33.6740
right60@090,871,34.2470
right60@090,872,34.4390
right60@090,873,34.7240
right60@090,874,34.9510
right60@090,875,34.7740
right60@090,876,34.3640
right60@090,877,35.1470
right60@090,878,35.1790
right60@090,879,33.7600
right60@090,880,32.4700
right60@090,881,35.6600
right60@090,882,31.2950
right60@090,883,33.8320
right60@090,884,33.1830
right60@090,885,35.0860
right60@090,886,33.0260
right60@090,887,33.7060
right60@090,888,35.0760
right60@090,889,33.0610
right60@090,890,33.6360
right60@090,891,33.6540
right60@090,892,34.8710
right60@090,893,33.7580
right60@090,894,30.6570
right60@090,895,34.5510
right60@090,896,33.3380
right60@090,897,32.5740
right60@090,898,34.1400
right60@090,899,32.0350
right60@090,900,34.8500
right60@090,901,33.7470
right60@090,902,34.3100
right60@090,903,34.8530
right60@090,904,35.3750
right60@090,905,33.6000
right60@090,906,33.5920
right60@090,907,33.3430
right60@090,908,32.0420
right60@090,909,33.7280
right60@090,910,33.0040
right60@090,911,32.8910
right60@090,912,32.4950
right60@090,913,34.0040
right60@090,914,34.2980
right60@090,915,32.5100
right60@090,916,32.5880
right60@090,917,34.2660
right60@090,918,35.8020
right60@090,919,34.3710
right60@090,920,32.2860
left90@090,921,-25.5020
left90@090,922,-28.4850
left90@090,923,-36.5300
left90@090,924,-36.0830
left90@090,925,-45.4230
left90@090,926,-46.6710
left90@090,927,-45.7510
left90@090,928,-24.8430
left90@090,929,-27.8790
left90@090,930,121.0970
left90@090,931,132.3900
left90@090,932,147.6140
left90@090,933,145.8020
left90@090,934,154.2810
left90@090,935,155.9700
left90@090,936,157.2510
left90@090,937,160.3080
left90@090,938,154.1170
left90@090,939,156.4960
left90@090,940,142.7790
left90@090,941,151.2890
left90@090,942,151.2690
left90@090,943,169.8050
left90@090,944,140.6030
left90@090,945,132.7960
left90@090,946,135.7770
left90@090,947,139.1270
left90@090,948,129.3960
left90@090,949,-141.5200
left90@090,950,-159.5650
left90@090,951,-169.5740
left90@090,952,-158.1670
left90@090,953,-139.6350
left90@090,954,-142.2250
left90@090,955,-158.7100
left90@090,956,-161.1870
left90@090,957,-160.7490
left90@090,958,-147.0260
left90@090,959,-171.6050
left90@090,960,-163.9180
left90@090,961,-152.8430
left90@090,962,-155.6790
left90@090,963,177.1340
left90@090,964,-174.2250
left90@090,965,-175.1950
left90@090,966,-151.8420
left90@090,967,-156.4660
left90@090,968,-163.9470
left90@090,969,-153.6340
left90@090,970,-167.0000
left90@090,971,-140.3970
left90@090,972,-140.1300
left90@090,973,-147.2720
left90@090,974,-154.3370
left90@090,975,-155.0850
left90@090,976,-156.9060
left90@090,977,-150.8710
left90@090,978,-147.0890
left90@090,979,-159.6580
left90@090,980,-156.5500
left90@090,981,-150.4790
left90@090,982,-147.5380
left90@090,983,-153.4580
left90@090,984,-150.9620
left90@090,985,-167.2790
left90@090,986,-163.4770
left90@090,987,-162.9980
left90@090,988,-163.9000
left90@090,989,-167.9500
left90@090,990,-167.3430
left90@090,991,-162.7120
left90@090,992,-151.9460
left90@090,993,-160.6530
left90@090,994,-153.8250
left90@090,995,-156.1280
left90@090,996,-164.8510
left90@090,997,-150.4880
left90@090,998,-146.1630
left90@090,999,-147.5950
left90@090,1000,-147.1780
left90@090,1001,-156.3100
left90@090,1002,-159.3150
left90@090,1003,-156.1400
left90@090,1004,-150.7650
left90@090,1005,-161.3480
left90@090,1006,-153.1140
left90@090,1007,-144.9520
left90@090,1008,-175.5740
left90@090,1009,-165.2140
left90@090,1010,-156.1190
left90@090,1011,-153.2820
left90@090,1012,-164.8720
left90@090,1013,-161.3780
left90@090,1014,-169.4780
left90@090,1015,-160.8270
left90@090,1016,-165.6550
left90@090,1017,-160.6270
left90@090,1018,-158.4060
left90@090,1019,-162.8360
left90@090,1020,-149.9370
left90@090,1021,-172.9790
left90@090,1022,-160.4690
left90@090,1023,-163.6870
left90@090,1024,-172.6190
left90@090,1025,-165.4210
left90@090,1026,-165.5960
left90@090,1027,-151.4740
left90@090,1028,-145.4210
left90@090,1029,-157.9020
left90@090,1030,-142.8320
left90@090,1031,-152.4590
left90@090,1032,-148.7570
left90@090,1033,-154.1160
left90@090,1034,-172.2500
left90@090,1035,-154.0350
left90@090,1036,-164.9050
left90@090,1037,-172.4190
left90@090,1038,-164.7040
left90@090,1039,-169.2920
left90@090,1040,-166.3350
left90@090,1041,-165.5950
left90@090,1042,-178.1750
left90@090,1043,-159.9320
left90@090,1044,-167.2850
left90@090,1045,-177.2440
left90@090,1046,-170.3800
left90@090,1047,-139.0480
left90@090,1048,-158.1430
left90@090,1049,-164.5400
left90@090,1050,-151.6310
left90@090,1051,-139.7090
left90@090,1052,-174.3910
left90@090,1053,-162.8340
left90@090,1054,-158.3800
left90@090,1055,-153.0520
right90@090,1056,-172.9410
right90@090,1057,-159.3320
right90@090,1058,-170.1380
right90@090,1059,-177.2370
right90@090,1060,-150.9500
right90@090,1061,-147.2670
right90@090,1062,-150.6670
right90@090,1063,-162.3960
right90@090,1064,-158.4450
right90@090,1065,-155.5770
right90@090,1066,-143.2710
right90@090,1067,-149.5660
right90@090,1068,-142.5710
right90@090,1069,-172.7600
right90@090,1070,-144.2080
right90@090,1071,-162.3380
right90@090,1072,-164.7560
right90@090,1073,-171.8050
right90@090,1074,-171.8070
right90@090,1075,-141.6210
right90@090,1076,-174.3830
right90@090,1077,-169.9360
right90@090,1078,-150.0600
right90@090,1079,-137.7820
right90@090,1080,-144.9610
right90@090,1081,-54.4260
right90@090,1082,-10.3020
right90@090,1083,-55.3390
right90@090,1084,-19.4760
right90@090,1085,-23.3570
right90@090,1086,-21.9170
right90@090,1087,-37.1080
right90@090,1088,-6.3550
right90@090,1089,0.0000
right90@090,1090,-4.3370
right90@090,1091,-11.3690
right90@090,1092,0.0000
right90@090,1093,-18.0910
right90@090,1094,-19.9430
right90@090,1095,-24.4460
right90@090,1096,-29.7530
right90@090,1097,-37.9880
right90@090,1098,-42.7830
right90@090,1099,-43.6910
right90@090,1100,-45.3160
right90@090,1101,-37.7940
right90@090,1102,-40.9630
right90@090,1103,-36.1440
right90@090,1104,-35.7850
right90@090,1105,-23.8680
right90@090,1106,-27.5990
right90@090,1107,-28.0470
right90@090,1108,-28.2770
right90@090,1109,-35.8730
right90@090,1110,-31.0800
right90@090,1111,-27.6620
right90@090,1112,-31.5100
right90@090,1113,-27.0690
right90@090,1114,-24.8350
right90@090,1115,-40.6950
right90@090,1116,-29.1220
right90@090,1117,-24.1560
right90@090,1118,-20.2190
right90@090,1119,-15.3780
right90@090,1120,-14.1610
right90@090,1121,-12.0490
right90@090,1122,-5.6260
right90@090,1123,-1.9220
right90@090,1124,4.0580
right90@090,1125,7.2640
right90@090,1126,14.5750
right90@090,1127,22.2580
right90@090,1128,25.5100
right90@090,1129,27.4060
right90@090,1130,26.4030
right90@090,1131,34.7730
right90@090,1132,41.2490
right90@090,1133,31.9470
right90@090,1134,32.1690
right90@090,1135,37.3590
right90@090,1136,39.5160
right90@090,1137,40.1320
right90@090,1138,42.0980
right90@090,1139,38.1160
right90@090,1140,40.9550
right90@090,1141,40.8450
right90@090,1142,45.7250
right90@090,1143,34.6570
right90@090,1144,40.1450
right90@090,1145,22.7370
right90@090,1146,17.7760
right90@090,1147,7.9010
right90@090,1148,7.9800
right90@090,1149,3.2910
right90@090,1150,0.0000
right90@090,1151,0.0000
right90@090,1152,0.0000
right90@090,1153,5.1300
right90@090,1154,0.0000
right90@090,1155,-1.0200
right90@090,1156,0.0000
right90@090,1157,-10.8240
right90@090,1158,0.0000
right90@090,1159,-5.4600
right90@090,1160,-1.1100
right90@090,1161,5.5770
right90@090,1162,0.0000
right90@090,1163,-4.6290
right90@090,1164,0.0000
right90@090,1165,0.0000
right90@090,1166,-5.2500
right90@090,1167,5.3570
right90@090,1168,0.0000
right90@090,1169,-9.5970
right90@090,1170,-14.7220
right90@090,1171,0.0000
right90@090,1172,5.5970
right90@090,1173,5.5960
right90@090,1174,0.0000
right90@090,1175,-4.4740
right90@090,1176,9.8520
right90@090,1177,-5.5490
right90@090,1178,0.0000
right90@090,1179,5.1650
right90@090,1180,5.4180
right90@090,1181,3.1230
right90@090,1182,0.0000
right90@090,1183,2.9960
right90@090,1184,-4.7260
right90@090,1185,8.7220
right90@090,1186,8.7640
right90@090,1187,8.7580
right90@090,1188,3.7410
right90@090,1189,-0.7760
right90@090,1190,3.3350
right90@090,1191,5.0040
right90@090,1192,0.0000
right90@090,1193,5.0010
right90@090,1194,5.6860
right90@090,1195,0.0000
right90@090,1196,6.2510
right90@090,1197,5.4330
right90@090,1198,-4.8900
right90@090,1199,5.2040
right90@090,1200,0.0000
right90@090,1201,9.1170
right90@090,1202,4.9980
right90@090,1203,0.0000
sq_b@090,1204,-1.4530
sq_b@090,1205,-2.3120
sq_b@090,1206,-2.3390
sq_b@090,1207,-0.7170
sq_b@090,1208,-1.4660
sq_b@090,1209,-1.6200
sq_b@090,1210,-0.9050
sq_b@090,1211,-1.6320
sq_b@090,1212,-0.9040
sq_b@090,1213,-0.1820
sq_b@090,1214,-0.7290
sq_b@090,1215,0.0000
sq_b@090,1216,0.7300
sq_b@090,1217,0.0000
sq_b@090,1218,-0.9050
sq_b@090,1219,-0.9050
sq_b@090,1220,0.0000
sq_b@090,1221,0.0000
sq_b@090,1222,-0.9060
sq_b@090,1223,-1.6440
sq_b@090,1224,-1.6330
sq_b@090,1225,-0.9120
sq_b@090,1226,-1.7900
sq_b@090,1227,-1.6460
sq_b@090,1228,-0.1820
sq_b@090,1229,-0.9140
sq_b@090,1230,-0.9140
sq_b@090,1231,-0.9020
sq_b@090,1232,-0.9080
sq_b@090,1233,-1.6260
sq_b@090,1234,0.0000
sq_b@090,1235,-0.9080
sq_b@090,1236,-0.9080
sq_b@090,1237,-0.9080
sq_b@090,1238,-0.9090
sq_b@090,1239,-0.9090
sq_b@090,1240,-1.4920
sq_b@090,1241,0.0000
sq_b@090,1242,-1.6370
sq_b@090,1243,-1.6360
sq_b@090,1244,0.0000
sq_b@090,1245,-0.7300
sq_b@090,1246,-0.9030
sq_b@090,1247,-0.9080
sq_b@090,1248,0.0000
sq_b@090,1249,0.0000
sq_b@090,1250,0.0000
sq_b@090,1251,-0.7310
sq_b@090,1252,-0.7300
sq_b@090,1253,-1.6370
sq_b@090,1254,-1.6360
sq_b@090,1255,-0.7300
sq_b@090,1256,0.0000
sq_b@090,1257,-0.7310
sq_b@090,1258,-0.5840
sq_b@090,1259,0.0000
sq_b@090,1260,-0.9080
sq_b@090,1261,-0.9080
sq_b@090,1262,-0.9080
sq_b@090,1263,0.0000
sq_b@090,1264,-0.7310
sq_b@090,1265,-0.5840
sq_b@090,1266,0.0000
sq_b@090,1267,-0.7310
sq_b@090,1268,-1.6380
sq_b@090,1269,-0.7310
sq_b@090,1270,-0.7300
sq_b@090,1271,0.0000
sq_b@090,1272,-1.6370
sq_b@090,1273,-0.9070
sq_b@090,1274,-0.7310
sq_b@090,1275,-0.1810
sq_b@090,1276,-0.7260
sq_b@090,1277,0.0000
sq_b@090,1278,-0.9080
sq_b@090,1279,0.0000
sq_b@090,1280,0.0000
sq_b@090,1281,-0.9030
sq_b@090,1282,0.0000
sq_b@090,1283,-1.6270
sq_b@090,1284,0.9040
sq_b@090,1285,-0.9030
sq_b@090,1286,-0.7190
sq_b@090,1287,-1.4820
sq_b@090,1288,0.0000
sq_b@090,1289,-0.7240
sq_b@090,1290,-0.8730
sq_b@090,1291,-0.7240
sq_b@090,1292,-1.0470
sq_b@090,1293,-1.0470
sq_b@090,1294,-0.5790
sq_b@090,1295,0.0000
sq_b@090,1296,-0.7240
sq_b@090,1297,-1.6230
sq_b@090,1298,-2.6700
sq_b@090,1299,-0.7240
sq_b@090,1300,-0.7240
sq_b@090,1301,-0.7240
sq_b@090,1302,-0.1450
sq_b@090,1303,-0.1450
sq_b@090,1304,-1.8120
sq_b@090,1305,-1.6340
sq_b@090,1306,-0.7250
sq_b@090,1307,0.0000
sq_b@090,1308,0.0000
sq_b@090,1309,-0.7240
sq_b@090,1310,-0.7250
sq_b@090,1311,0.0000
sq_b@090,1312,-0.7250
sq_b@090,1313,-1.4610
sq_b@090,1314,-0.7290
sq_b@090,1315,0.0000
sq_b@090,1316,-0.5830
sq_b@090,1317,-0.7250
sq_b@090,1318,0.7250
sq_b@090,1319,0.0000
sq_b@090,1320,0.0000
sq_b@090,1321,-1.0550
sq_b@090,1322,-0.7280
sq_b@090,1323,-1.6330
sq_b@090,1324,-0.7250
sq_b@090,1325,0.0000
sq_b@090,1326,-0.7240
sq_b@090,1327,-0.7300
sq_b@090,1328,-0.7300
sq_b@090,1329,0.0000
sq_b@090,1330,0.0000
sq_b@090,1331,-0.7250
sq_b@090,1332,-0.1450
sq_b@090,1333,-0.7280
sq_b@090,1334,-0.7300
sq_b@090,1335,-0.9050
sq_b@090,1336,-0.1450
sq_b@090,1337,0.0000
sq_b@090,1338,-0.9110
sq_b@090,1339,-1.6140
sq_b@090,1340,-0.7250
sq_b@090,1341,0.0000
sq_b@090,1342,0.0000
sq_b@090,1343,-0.9120
sq_b@090,1344,0.0000
sq_b@090,1345,-0.1450
sq_b@090,1346,-1.6150
sq_b@090,1347,0.0000
sq_b@090,1348,0.9060
sq_b@090,1349,0.0000
sq_b@090,1350,-0.9050
sq_a@100,1351,-5.4260
sq_a@100,1352,-7.6550
sq_a@100,1353,-4.3610
sq_a@100,1354,-2.1450
sq_a@100,1355,-2.1450
sq_a@100,1356,-3.5890
sq_a@100,1357,-2.6030
sq_a@100,1358,-4.2020
sq_a@100,1359,-3.2180
sq_a@100,1360,-2.1290
sq_a@100,1361,-1.0690
sq_a@100,1362,-3.4450
sq_a@100,1363,-2.1300
sq_a@100,1364,-3.6530
sq_a@100,1365,-2.1300
sq_a@100,1366,-3.4420
sq_a@100,1367,-2.1300
sq_a@100,1368,-3.2220
sq_a@100,1369,-3.2190
sq_a@100,1370,-4.2020
sq_a@100,1371,-3.1970
sq_a@100,1372,-3.4660
sq_a@100,1373,-2.1290
sq_a@100,1374,-2.1300
sq_a@100,1375,-3.1960
sq_a@100,1376,-1.2810
sq_a@100,1377,-3.2180
sq_a@100,1378,-3.1960
sq_a@100,1379,-2.3720
sq_a@100,1380,-2.1270
sq_a@100,1381,-3.3510
sq_a@100,1382,-1.0690
sq_a@100,1383,-2.1430
sq_a@100,1384,-2.1290
sq_a@100,1385,-3.1980
sq_a@100,1386,-2.5860
sq_a@100,1387,-2.1300
sq_a@100,1388,-4.2040
sq_a@100,1389,-3.1970
sq_a@100,1390,-2.1280
sq_a@100,1391,-2.1280
sq_a@100,1392,-2.1280
sq_a@100,1393,-3.3520
sq_a@100,1394,-3.4400
sq_a@100,1395,-2.9840
sq_a@100,1396,-2.3740
sq_a@100,1397,-3.2290
sq_a@100,1398,-2.1290
sq_a@100,1399,-2.1280
sq_a@100,1400,-2.9820
sq_a@100,1401,-1.0680
sq_a@100,1402,-3.1970
sq_a@100,1403,-4.2040
sq_a@100,1404,-5.4510
sq_a@100,1405,-4.4150
sq_a@100,1406,-3.1950
sq_a@100,1407,-3.1940
sq_a@100,1408,-3.1960
sq_a@100,1409,-4.3830
sq_a@100,1410,-3.4390
sq_a@100,1411,-5.4070
sq_a@100,1412,-4.5870
sq_a@100,1413,-2.3490
sq_a@100,1414,-5.4050
sq_a@100,1415,-4.5560
sq_a@100,1416,-5.4100
sq_a@100,1417,-4.3810
sq_a@100,1418,-7.2520
sq_a@100,1419,-6.4150
sq_a@100,1420,-4.4700
sq_a@100,1421,-4.4700
sq_a@100,1422,-5.4320
sq_a@100,1423,-4.3780
sq_a@100,1424,-3.1700
sq_a@100,1425,-3.2090
sq_a@100,1426,-4.2540
sq_a@100,1427,-4.4690
sq_a@100,1428,-3.1850
sq_a@100,1429,-3.4170
sq_a@100,1430,-3.2050
sq_a@100,1431,-3.2030
sq_a@100,1432,-4.2210
sq_a@100,1433,-4.2220
sq_a@100,1434,-3.1830
sq_a@100,1435,-3.2050
sq_a@100,1436,-3.2060
sq_a@100,1437,-2.3460
sq_a@100,1438,-3.1600
sq_a@100,1439,-3.2030
sq_a@100,1440,-4.2200
sq_a@100,1441,-4.2200
sq_a@100,1442,-3.1810
sq_a@100,1443,-3.1800
sq_a@100,1444,-4.4600
sq_a@100,1445,-3.3890
sq_a@100,1446,-3.2030
sq_a@100,1447,-3.1810
sq_a@100,1448,-3.1800
sq_a@100,1449,-3.3910
sq_a@100,1450,-3.1810
sq_a@100,1451,-3.1820
sq_a@100,1452,-3.1610
sq_a@100,1453,-3.1600
sq_a@100,1454,-3.1820
sq_a@100,1455,-3.1610
sq_a@100,1456,-3.1800
sq_a@100,1457,-5.2400
sq_a@100,1458,-5.0300
sq_a@100,1459,-4.1810
sq_a@100,1460,-3.9950
sq_a@100,1461,-3.1690
sq_a@100,1462,-2.1090
sq_a@100,1463,-4.1760
sq_a@100,1464,-3.1680
sq_a@100,1465,-3.1450
sq_a@100,1466,-3.1440
sq_a@100,1467,-3.1420
sq_a@100,1468,-4.3970
sq_a@100,1469,-4.2180
sq_a@100,1470,-4.1920
sq_a@100,1471,-5.1730
sq_a@100,1472,-4.1580
sq_a@100,1473,-2.5130
sq_a@100,1474,-4.2090
sq_a@100,1475,-4.2080
sq_a@100,1476,-3.1500
sq_a@100,1477,-3.1480
sq_a@100,1478,-3.1490
sq_a@100,1479,-2.1090
sq_a@100,1480,-4.1800
sq_a@100,1481,-2.0840
sq_a@100,1482,-1.0650
sq_a@100,1483,-2.3190
sq_a@100,1484,-0.2130
sq_a@100,1485,0.0000
sq_a@100,1486,-6.1660
sq_a@100,1487,-4.1310
sq_a@100,1488,-3.5210
sq_a@100,1489,-4.1280
sq_a@100,1490,-3.3190
sq_a@100,1491,-2.0850
sq_a@100,1492,-3.1330
sq_a@100,1493,-2.5140
sq_a@100,1494,-2.0880
sq_a@100,1495,-3.3440
left30@100,1496,-23.6080
left30@100,1497,-25.8330
left30@100,1498,-26.8630
left30@100,1499,-22.4820
left30@100,1500,-24.6600
left30@100,1501,-23.4540
left30@100,1502,-24.6740
left30@100,1503,-27.9760
left30@100,1504,-24.6810
left30@100,1505,-26.6740
left30@100,1506,-28.0190
left30@100,1507,-23.6970
left30@100,1508,-26.9250
left30@100,1509,-23.9440
left30@100,1510,-28.2710
left30@100,1511,-28.2890
left30@100,1512,-23.7330
left30@100,1513,-27.2010
left30@100,1514,-24.7770
left30@100,1515,-26.9930
left30@100,1516,-29.1920
left30@100,1517,-30.0520
left30@100,1518,-30.2580
left30@100,1519,-23.8440
left30@100,1520,-25.0680
left30@100,1521,-24.8050
left30@100,1522,-26.0820
left30@100,1523,-26.8200
left30@100,1524,-25.8800
left30@100,1525,-29.4460
left30@100,1526,-26.8320
left30@100,1527,-25.8430
left30@100,1528,-25.9010
left30@100,1529,-29.2450
left30@100,1530,-30.3380
left30@100,1531,-25.1090
left30@100,1532,-29.4630
left30@100,1533,-28.3830
left30@100,1534,-30.1270
left30@100,1535,-29.4360
left30@100,1536,-23.8610
left30@100,1537,-27.2890
left30@100,1538,-31.1640
left30@100,1539,-25.0960
left30@100,1540,-28.1790
left30@100,1541,-28.4200
left30@100,1542,-29.4770
left30@100,1543,-28.4100
left30@100,1544,-25.0340
left30@100,1545,-27.0720
left30@100,1546,-25.7270
left30@100,1547,-26.0540
left30@100,1548,-25.8510
left30@100,1549,-24.8440
left30@100,1550,-26.8560
left30@100,1551,-25.9240
left30@100,1552,-25.6650
left30@100,1553,-23.6070
left30@100,1554,-26.1160
left30@100,1555,-24.8230
left30@100,1556,-24.6270
left30@100,1557,-23.6100
left30@100,1558,-24.8420
left30@100,1559,-26.0320
left30@100,1560,-25.6140
left30@100,1561,-24.6360
left30@100,1562,-26.4260
left30@100,1563,-25.4480
left30@100,1564,-25.8490
left30@100,1565,-25.5820
left30@100,1566,-23.4230
left30@100,1567,-23.4200
left30@100,1568,-24.6040
left30@100,1569,-23.5960
left30@100,1570,-25.0220
left30@100,1571,-24.6060
left30@100,1572,-24.6100
left30@100,1573,-23.6520
left30@100,1574,-25.6070
left30@100,1575,-24.5760
left30@100,1576,-26.5550
left30@100,1577,-24.7440
left30@100,1578,-27.8680
left30@100,1579,-25.7340
left30@100,1580,-25.7600
left30@100,1581,-28.2920
left30@100,1582,-30.2360
left30@100,1583,-25.5290
left30@100,1584,-26.1270
left30@100,1585,-24.8760
left30@100,1586,-24.8800
left30@100,1587,-25.8910
left30@100,1588,-24.6720
left30@100,1589,-23.7300
left30@100,1590,-24.6750
left30@100,1591,-23.6460
left30@100,1592,-30.3430
left30@100,1593,-26.6700
left30@100,1594,-24.9180
left30@100,1595,-24.6860
left30@100,1596,-25.6990
left30@100,1597,-23.7060
left30@100,1598,-27.9920
left30@100,1599,-25.8880
left30@100,1600,-26.9200
left30@100,1601,-28.9130
left30@100,1602,-24.7020
left30@100,1603,-29.9850
left30@100,1604,-26.7110
left30@100,1605,-23.5040
left30@100,1606,-25.7310
left30@100,1607,-24.7330
left30@100,1608,-26.7290
left30@100,1609,-24.7950
left30@100,1610,-23.5300
left30@100,1611,-28.1010
left30@100,1612,-25.7610
left30@100,1613,-26.7710
left30@100,1614,-23.5700
left30@100,1615,-27.0160
left30@100,1616,-26.0050
left30@100,1617,-25.6020
left30@100,1618,-25.8320
left30@100,1619,-31.2060
left30@100,1620,-29.2490
left30@100,1621,-26.8160
left30@100,1622,-26.8170
left30@100,1623,-26.8140
left30@100,1624,-26.8110
left30@100,1625,-25.0010
left30@100,1626,-28.8060
left30@100,1627,-29.0350
left30@100,1628,-25.8250
left30@100,1629,-25.8290
left30@100,1630,-26.8160
left30@100,1631,-27.9490
left30@100,1632,-29.0270
left30@100,1633,-24.8690
left30@100,1634,-24.6950
left30@100,1635,-27.9830
left30@100,1636,-26.0610
left30@100,1637,-26.8440
left30@100,1638,-29.9410
left30@100,1639,-29.9460
left30@100,1640,-24.9250
left30@100,1641,-29.9430
left30@100,1642,-29.0920
right30@100,1643,44.4700
right30@100,1644,44.2880
right30@100,1645,42.4620
right30@100,1646,42.0400
right30@100,1647,38.0900
right30@100,1648,38.6060
right30@100,1649,33.5100
right30@100,1650,34.0170
right30@100,1651,33.7150
right30@100,1652,34.1200
right30@100,1653,31.6120
right30@100,1654,33.5050
right30@100,1655,31.4780
right30@100,1656,34.0660
right30@100,1657,33.6000
right30@100,1658,34.1960
right30@100,1659,32.1620
right30@100,1660,33.1550
right30@100,1661,32.7960
right30@100,1662,35.1690
right30@100,1663,32.7620
right30@100,1664,28.8880
right30@100,1665,32.9760
right30@100,1666,29.6930
right30@100,1667,30.2640
right30@100,1668,29.8950
right30@100,1669,29.8210
right30@100,1670,26.6220
right30@100,1671,29.8340
right30@100,1672,29.2570
right30@100,1673,29.6530
right30@100,1674,29.2370
right30@100,1675,29.2320
right30@100,1676,32.6920
right30@100,1677,31.5310
right30@100,1678,29.7640
right30@100,1679,30.5100
right30@100,1680,28.3580
right30@100,1681,32.1980
right30@100,1682,29.2860
right30@100,1683,29.0460
right30@100,1684,30.0390
right30@100,1685,28.2760
right30@100,1686,28.4960
right30@100,1687,30.4790
right30@100,1688,30.9980
right30@100,1689,28.6940
right30@100,1690,30.4210
right30@100,1691,32.1310
right30@100,1692,32.8690
right30@100,1693,29.4410
right30@100,1694,30.4200
right30@100,1695,30.2330
right30@100,1696,27.4880
right30@100,1697,26.0410
right30@100,1698,28.6730
right30@100,1699,26.0870
right30@100,1700,24.1180
right30@100,1701,25.9530
right30@100,1702,26.0900
right30@100,1703,25.9120
right30@100,1704,29.7360
right30@100,1705,28.5770
right30@100,1706,27.9570
right30@100,1707,28.7600
right30@100,1708,29.5130
right30@100,1709,30.1360
right30@100,1710,31.3570
right30@100,1711,28.7960
right30@100,1712,30.5310
right30@100,1713,30.5180
right30@100,1714,30.3560
right30@100,1715,29.7430
right30@100,1716,28.7410
right30@100,1717,29.5350
right30@100,1718,31.1540
right30@100,1719,31.4870
right30@100,1720,29.5380
right30@100,1721,27.7090
right30@100,1722,28.5890
right30@100,1723,29.5900
right30@100,1724,27.7280
right30@100,1725,27.5910
right30@100,1726,29.3780
right30@100,1727,30.5040
right30@100,1728,29.5290
right30@100,1729,27.9950
right30@100,1730,27.9510
right30@100,1731,27.4440
right30@100,1732,26.1980
right30@100,1733,25.2280
right30@100,1734,28.3030
right30@100,1735,23.3220
right30@100,1736,26.5080
right30@100,1737,24.5440
right30@100,1738,27.8720
right30@100,1739,27.2510
right30@100,1740,27.7030
right30@100,1741,29.1090
right30@100,1742,33.2850
right30@100,1743,32.7840
right30@100,1744,32.0560
right30@100,1745,33.8100
right30@100,1746,33.2480
right30@100,1747,31.1980
right30@100,1748,29.5740
right30@100,1749,29.5640
right30@100,1750,28.5850
right30@100,1751,23.0260
right30@100,1752,28.8420
right30@100,1753,29.6220
right30@100,1754,28.8830
right30@100,1755,27.6580
right30@100,1756,28.4310
right30@100,1757,24.3600
right30@100,1758,25.4260
right30@100,1759,28.4340
right30@100,1760,28.4400
right30@100,1761,31.0650
right30@100,1762,29.7300
right30@100,1763,31.0440
right30@100,1764,30.1430
right30@100,1765,30.3310
right30@100,1766,28.0230
right30@100,1767,28.3750
right30@100,1768,26.9890
right30@100,1769,25.9630
right30@100,1770,25.9690
right30@100,1771,25.3340
right30@100,1772,28.1830
right30@100,1773,27.1870
right30@100,1774,28.1640
right30@100,1775,25.9660
right30@100,1776,25.8150
right30@100,1777,26.0240
right30@100,1778,24.5850
right30@100,1779,24.4630
right30@100,1780,24.5960
right30@100,1781,21.3770
right30@100,1782,23.4180
right30@100,1783,23.4310
right30@100,1784,25.4410
right30@100,1785,26.6230
right30@100,1786,27.3680
right30@100,1787,29.4870
left45@100,1788,-10.3060
left45@100,1789,-10.1660
left45@100,1790,-13.9880
left45@100,1791,-12.9810
left45@100,1792,-11.6640
left45@100,1793,-11.6950
left45@100,1794,-12.9950
left45@100,1795,-14.0720
left45@100,1796,-12.8460
left45@100,1797,-11.4180
left45@100,1798,-13.5250
left45@100,1799,-10.0740
left45@100,1800,-12.4530
left45@100,1801,-13.2320
left45@100,1802,-14.3670
left45@100,1803,-12.1350
left45@100,1804,-11.9360
left45@100,1805,-10.5980
left45@100,1806,-12.2920
left45@100,1807,-14.2180
left45@100,1808,-13.3310
left45@100,1809,-13.4570
left45@100,1810,-13.5160
left45@100,1811,-13.5330
left45@100,1812,-16.1020
left45@100,1813,-12.6550
left45@100,1814,-13.7300
left45@100,1815,-9.7360
left45@100,1816,-15.2410
left45@100,1817,-16.2850
left45@100,1818,-15.7900
left45@100,1819,-16.5180
left45@100,1820,-12.6850
left45@100,1821,-13.1130
left45@100,1822,-11.3570
left45@100,1823,-11.6380
left45@100,1824,-13.8490
left45@100,1825,-27.5490
left45@100,1826,-32.1370
left45@100,1827,-30.8850
left45@100,1828,-29.8280
left45@100,1829,-29.3860
left45@100,1830,-24.4150
left45@100,1831,-26.7660
left45@100,1832,-26.2510
left45@100,1833,-24.9260
left45@100,1834,-23.0560
left45@100,1835,-22.8640
left45@100,1836,-24.5170
left45@100,1837,-22.5660
left45@100,1838,-22.8780
left45@100,1839,-19.5950
left45@100,1840,-21.7620
left45@100,1841,-21.0110
left45@100,1842,-20.0410
left45@100,1843,-19.8930
left45@100,1844,-18.8350
left45@100,1845,-17.7190
left45@100,1846,-19.9120
left45@100,1847,-17.7220
left45@100,1848,-17.8470
left45@100,1849,-18.4010
left45@100,1850,-18.4270
left45@100,1851,-17.3240
left45@100,1852,-19.8370
left45@100,1853,-17.6490
left45@100,1854,-18.5540
left45@100,1855,-16.3270
left45@100,1856,-19.7560
left45@100,1857,-22.1960
left45@100,1858,-22.1410
left45@100,1859,-22.2540
left45@100,1860,-18.6730
left45@100,1861,-18.8870
left45@100,1862,-19.3460
left45@100,1863,-20.6800
left45@100,1864,-19.8860
left45@100,1865,-16.2370
left45@100,1866,-19.2060
left45@100,1867,-18.2400
left45@100,1868,-19.3890
left45@100,1869,-17.2850
left45@100,1870,-14.6310
left45@100,1871,-16.4590
left45@100,1872,-19.9860
left45@100,1873,-21.5650
left45@100,1874,-20.2600
left45@100,1875,-17.6970
left45@100,1876,-20.1470
left45@100,1877,-19.4440
left45@100,1878,-18.3580
left45@100,1879,-22.0360
left45@100,1880,-16.6470
left45@100,1881,-17.5040
left45@100,1882,-21.1230
left45@100,1883,-17.6100
left45@100,1884,-21.0450
left45@100,1885,-21.1250
left45@100,1886,-21.3020
left45@100,1887,-18.5280
left45@100,1888,-18.8740
left45@100,1889,-20.6520
left45@100,1890,-20.6470
left45@100,1891,-21.5640
left45@100,1892,-20.6910
left45@100,1893,-22.4490
left45@100,1894,-19.0460
left45@100,1895,-19.8000
left45@100,1896,-20.8010
left45@100,1897,-20.5370
left45@100,1898,-19.6320
left45@100,1899,-19.8050
left45@100,1900,-19.6720
left45@100,1901,-18.8990
left45@100,1902,-20.7390
left45@100,1903,-19.8190
left45@100,1904,-19.7720
left45@100,1905,-19.9360
left45@100,1906,-20.1010
left45@100,1907,-18.2570
left45@100,1908,-19.0210
left45@100,1909,-19.9320
left45@100,1910,-19.9360
left45@100,1911,-19.0400
left45@100,1912,-19.2180
left45@100,1913,-19.2020
left45@100,1914,-19.2150
left45@100,1915,-19.0700
left45@100,1916,-19.9750
left45@100,1917,-20.8610
right45@100,1918,27.4890
right45@100,1919,40.7140
right45@100,1920,38.1390
right45@100,1921,34.3250
right45@100,1922,35.7840
right45@100,1923,37.0820
right45@100,1924,33.8470
right45@100,1925,35.4310
right45@100,1926,34.6140
right45@100,1927,34.6580
right45@100,1928,37.4500
right45@100,1929,33.2340
right45@100,1930,36.5420
right45@100,1931,36.5610
right45@100,1932,37.5370
right45@100,1933,37.2970
right45@100,1934,36.0060
right45@100,1935,37.9900
right45@100,1936,34.1460
right45@100,1937,35.0710
right45@100,1938,38.6730
right45@100,1939,33.2090
right45@100,1940,37.7040
right45@100,1941,37.7890
right45@100,1942,34.1910
right45@100,1943,37.6870
right45@100,1944,37.1250
right45@100,1945,36.5790
right45@100,1946,37.8440
right45@100,1947,33.4830
right45@100,1948,37.3950
right45@100,1949,36.8340
right45@100,1950,35.9140
right45@100,1951,37.2220
right45@100,1952,36.4940
right45@100,1953,32.9780
right45@100,1954,37.1000
right45@100,1955,36.7100
right45@100,1956,35.1360
right45@100,1957,32.7760
right45@100,1958,31.1340
right45@100,1959,36.8660
right45@100,1960,34.0840
right45@100,1961,36.5650
right45@100,1962,31.0920
right45@100,1963,35.6920
right45@100,1964,35.6770
right45@100,1965,33.2690
right45@100,1966,32.0270
right45@100,1967,32.8350
right45@100,1968,33.8850
right45@100,1969,33.3390
right45@100,1970,35.4050
right45@100,1971,34.9400
right45@100,1972,33.0170
right45@100,1973,32.2160
right45@100,1974,34.5880
right45@100,1975,31.7780
right45@100,1976,32.1390
right45@100,1977,31.5900
right45@100,1978,36.9800
right45@100,1979,33.0530
right45@100,1980,34.9740
right45@100,1981,32.7620
right45@100,1982,36.9440
right45@100,1983,32.0020
right45@100,1984,36.1960
right45@100,1985,37.3300
right45@100,1986,31.8530
right45@100,1987,32.0050
right45@100,1988,33.1710
right45@100,1989,32.1890
right45@100,1990,35.8810
right45@100,1991,36.6060
right45@100,1992,35.8790
right45@100,1993,34.7960
right45@100,1994,34.9550
right45@100,1995,36.2870
right45@100,1996,33.8910
right45@100,1997,36.3570
right45@100,1998,37.6440
right45@100,1999,38.0310
right45@100,2000,36.0320
right45@100,2001,34.2150
right45@100,2002,37.3380
right45@100,2003,35.3040
right45@100,2004,36.0400
right45@100,2005,35.7650
right45@100,2006,32.7060
right45@100,2007,33.4090
right45@100,2008,36.2080
right45@100,2009,32.9670
right45@100,2010,38.0640
right45@100,2011,37.3590
right45@100,2012,33.5110
right45@100,2013,31.8590
right45@100,2014,36.1310
right45@100,2015,33.8240
right45@100,2016,38.5170
right45@100,2017,32.9030
right45@100,2018,34.3390
right45@100,2019,33.7170
right45@100,2020,35.2280
right45@100,2021,35.0100
right45@100,2022,34.0670
right45@100,2023,33.3050
right45@100,2024,33.9450
right45@100,2025,32.7310
right45@100,2026,37.7200
right45@100,2027,33.1920
right45@100,2028,33.9660
right45@100,2029,33.3810
right45@100,2030,37.3910
right45@100,2031,32.3770
right45@100,2032,36.9830
right45@100,2033,33.6180
right45@100,2034,34.3950
right45@100,2035,36.4290
right45@100,2036,37.4590
right45@100,2037,35.0750
right45@100,2038,37.9500
right45@100,2039,37.7910
right45@100,2040,36.2320
right45@100,2041,34.4190
right45@100,2042,33.7870
right45@100,2043,36.9330
right45@100,2044,37.0370
right45@100,2045,34.0830
right45@100,2046,32.6170
right45@100,2047,37.4090
right45@100,2048,34.1610
right45@100,2049,33.4070
left60@100,2050,-30.4880
left60@100,2051,-31.6300
left60@100,2052,-32.1460
left60@100,2053,-30.0900
left60@100,2054,-33.9860
left60@100,2055,-32.4420
left60@100,2056,-32.1180
left60@100,2057,-30.2190
left60@100,2058,-32.5780
left60@100,2059,-52.3140
left60@100,2060,-54.0350
left60@100,2061,-53.3640
left60@100,2062,-37.9980
left60@100,2063,-39.8320
left60@100,2064,-55.2440
left60@100,2065,-51.7480
left60@100,2066,-41.2740
left60@100,2067,-39.0280
left60@100,2068,-40.7750
left60@100,2069,-31.8600
left60@100,2070,-54.7030
left60@100,2071,-33.4170
left60@100,2072,-53.3070
left60@100,2073,-50.0760
left60@100,2074,-36.2880
left60@100,2075,-36.0510
left60@100,2076,-38.1250
left60@100,2077,-39.4560
left60@100,2078,-38.8870
left60@100,2079,-39.2450
left60@100,2080,-34.5120
left60@100,2081,-31.4530
left60@100,2082,-23.7300
left60@100,2083,-21.8100
left60@100,2084,-24.0660
left60@100,2085,-23.8820
left60@100,2086,-23.2160
left60@100,2087,-24.0330
left60@100,2088,-24.0510
left60@100,2089,-26.8120
left60@100,2090,-22.6670
left60@100,2091,-22.5590
left60@100,2092,-19.6840
left60@100,2093,-24.6960
left60@100,2094,-21.0750
left60@100,2095,-18.2430
left60@100,2096,-20.2940
left60@100,2097,-19.7000
left60@100,2098,-19.1710
left60@100,2099,-21.2380
left60@100,2100,-24.6800
left60@100,2101,-21.0920
left60@100,2102,-23.9250
left60@100,2103,-24.0360
left60@100,2104,-21.8520
left60@100,2105,-28.1640
left60@100,2106,-24.9000
left60@100,2107,-24.9040
left60@100,2108,-26.9300
left60@100,2109,-20.8230
left60@100,2110,-24.0150
left60@100,2111,-26.4710
left60@100,2112,-25.9730
left60@100,2113,-26.7270
left60@100,2114,-21.6280
left60@100,2115,-28.2510
left60@100,2116,-21.3570
left60@100,2117,-30.2970
left60@100,2118,-24.6970
left60@100,2119,-29.4840
left60@100,2120,-30.2650
left60@100,2121,-26.6450
left60@100,2122,-30.3540
left60@100,2123,-29.1670
left60@100,2124,-28.6820
left60@100,2125,-27.4790
left60@100,2126,-21.3450
left60@100,2127,-17.6420
left60@100,2128,-23.8620
left60@100,2129,-27.1900
left60@100,2130,-29.6910
left60@100,2131,-25.6700
left60@100,2132,-27.5020
left60@100,2133,-31.1170
left60@100,2134,-29.9130
left60@100,2135,-33.6600
left60@100,2136,-30.2660
left60@100,2137,-30.7290
left60@100,2138,-30.4020
left60@100,2139,-29.8670
left60@100,2140,-26.6790
left60@100,2141,-19.8630
left60@100,2142,-27.4700
left60@100,2143,-24.5980
left60@100,2144,-31.0720
left60@100,2145,-29.3590
left60@100,2146,-23.8590
left60@100,2147,-31.7520
left60@100,2148,-30.8460
left60@100,2149,-29.5240
left60@100,2150,-32.7250
left60@100,2151,-36.8860
left60@100,2152,-30.5400
left60@100,2153,-30.3640
left60@100,2154,-31.1680
left60@100,2155,-38.2700
left60@100,2156,-29.5340
left60@100,2157,-30.7720
left60@100,2158,-27.9240
left60@100,2159,-30.5860
left60@100,2160,-30.8910
left60@100,2161,-28.8220
left60@100,2162,-29.7010
left60@100,2163,-27.8010
left60@100,2164,-28.8790
left60@100,2165,-33.4410
left60@100,2166,-29.6960
left60@100,2167,-30.3800
left60@100,2168,-30.5880
left60@100,2169,-35.0430
left60@100,2170,-36.0870
left60@100,2171,-29.5220
left60@100,2172,-30.5630
left60@100,2173,-28.7250
left60@100,2174,-19.0940
left60@100,2175,-30.0390
left60@100,2176,-30.1180
left60@100,2177,-28.5990
left60@100,2178,-27.8910
left60@100,2179,-21.5520
left60@100,2180,-32.1600
left60@100,2181,-29.8980
right60@100,2182,31.8250
right60@100,2183,33.1700
right60@100,2184,35.3370
right60@100,2185,36.3490
right60@100,2186,38.1310
right60@100,2187,32.7850
right60@100,2188,40.5290
right60@100,2189,42.5240
right60@100,2190,39.2880
right60@100,2191,40.1610
right60@100,2192,35.3750
right60@100,2193,38.4350
right60@100,2194,37.4250
right60@100,2195,38.9950
right60@100,2196,38.9880
right60@100,2197,38.9170
right60@100,2198,36.8550
right60@100,2199,37.4910
right60@100,2200,36.5870
right60@100,2201,36.1280
right60@100,2202,37.4520
right60@100,2203,35.1560
right60@100,2204,35.6740
right60@100,2205,34.8630
right60@100,2206,36.4530
right60@100,2207,35.4860
right60@100,2208,36.5740
right60@100,2209,36.1710
right60@100,2210,35.2690
right60@100,2211,36.2890
right60@100,2212,37.6330
right60@100,2213,38.5970
right60@100,2214,37.8620
right60@100,2215,37.8340
right60@100,2216,36.1350
right60@100,2217,36.6480
right60@100,2218,35.6970
right60@100,2219,34.0360
right60@100,2220,36.4880
right60@100,2221,36.4280
right60@100,2222,36.2280
right60@100,2223,35.8370
right60@100,2224,36.0690
right60@100,2225,36.9890
right60@100,2226,38.1500
right60@100,2227,38.8710
right60@100,2228,41.5600
right60@100,2229,42.1850
right60@100,2230,39.4720
right60@100,2231,40.7170
right60@100,2232,39.6720
right60@100,2233,39.6920
right60@100,2234,39.5710
right60@100,2235,37.1900
right60@100,2236,37.3840
right60@100,2237,38.4510
right60@100,2238,36.1880
right60@100,2239,40.2950
right60@100,2240,41.6080
right60@100,2241,36.6100
right60@100,2242,38.8890
right60@100,2243,36.9280
right60@100,2244,35.7900
right60@100,2245,38.4510
right60@100,2246,35.3150
right60@100,2247,37.6990
right60@100,2248,33.5200
right60@100,2249,35.4360
right60@100,2250,36.3940
right60@100,2251,33.8470
right60@100,2252,35.9900
right60@100,2253,35.9450
right60@100,2254,36.6220
right60@100,2255,36.8950
right60@100,2256,35.2620
right60@100,2257,35.9130
right60@100,2258,35.2330
right60@100,2259,38.9670
right60@100,2260,39.5130
right60@100,2261,35.7380
right60@100,2262,39.4850
right60@100,2263,34.4700
right60@100,2264,34.5920
right60@100,2265,36.8700
right60@100,2266,35.5740
right60@100,2267,39.0910
right60@100,2268,38.8260
right60@100,2269,35.3380
right60@100,2270,37.2900
right60@100,2271,34.8670
right60@100,2272,32.1410
right60@100,2273,36.7550
right60@100,2274,36.7740
right60@100,2275,39.9660
right60@100,2276,36.0660
right60@100,2277,37.8650
right60@100,2278,36.8770
right60@100,2279,39.4280
right60@100,2280,39.1120
right60@100,2281,38.7930
right60@100,2282,38.5410
right60@100,2283,40.5270
right60@100,2284,34.2680
right60@100,2285,39.3460
right60@100,2286,36.0530
right60@100,2287,38.8050
right60@100,2288,39.8430
right60@100,2289,38.7880
right60@100,2290,36.7520
right60@100,2291,33.7230
right60@100,2292,36.2760
right60@100,2293,37.7590
right60@100,2294,34.2960
right60@100,2295,38.2620
right60@100,2296,39.8050
right60@100,2297,35.4910
right60@100,2298,39.9410
right60@100,2299,40.5520
right60@100,2300,35.0180
right60@100,2301,39.3370
right60@100,2302,35.5300
right60@100,2303,34.2490
right60@100,2304,34.2550
right60@100,2305,36.6580
right60@100,2306,35.2600
right60@100,2307,38.2810
right60@100,2308,35.3050
right60@100,2309,36.7600
right60@100,2310,41.7110
right60@100,2311,38.2760
left90@100,2312,-43.0760
left90@100,2313,-42.3200
left90@100,2314,-45.1830
left90@100,2315,-51.0300
left90@100,2316,-42.7360
left90@100,2317,-49.8820
left90@100,2318,-40.0750
left90@100,2319,-34.7770
left90@100,2320,-48.0880
left90@100,2321,-37.6420
left90@100,2322,-42.7300
left90@100,2323,-25.9740
left90@100,2324,-31.7420
left90@100,2325,-19.4190
left90@100,2326,0.0000
left90@100,2327,-6.3770
left90@100,2328,-10.8280
left90@100,2329,-11.6100
left90@100,2330,-14.9840
left90@100,2331,-0.8050
left90@100,2332,-3.8440
left90@100,2333,10.5990
left90@100,2334,-7.1900
left90@100,2335,-8.0280
left90@100,2336,0.0000
left90@100,2337,0.0000
left90@100,2338,14.1620
left90@100,2339,-15.0670
left90@100,2340,-12.8920
left90@100,2341,15.9110
left90@100,2342,-23.4330
left90@100,2343,0.0000
left90@100,2344,19.1320
left90@100,2345,13.7700
left90@100,2346,14.3990
left90@100,2347,-2.8270
left90@100,2348,0.0000
left90@100,2349,-39.9470
left90@100,2350,-40.2190
left90@100,2351,-27.5720
left90@100,2352,-8.2630
left90@100,2353,8.2410
left90@100,2354,0.0000
left90@100,2355,0.0000
left90@100,2356,12.7160
left90@100,2357,44.5520
left90@100,2358,18.8250
left90@100,2359,7.3380
left90@100,2360,10.4360
left90@100,2361,13.4320
left90@100,2362,16.0440
left90@100,2363,6.6390
left90@100,2364,23.9830
left90@100,2365,17.8860
left90@100,2366,17.0120
left90@100,2367,5.5440
left90@100,2368,36.8970
left90@100,2369,17.8230
left90@100,2370,6.2280
left90@100,2371,22.7030
left90@100,2372,36.2680
left90@100,2373,23.9110
left90@100,2374,12.7170
left90@100,2375,15.0880
left90@100,2376,6.2300
left90@100,2377,38.5300
left90@100,2378,6.2290
left90@100,2379,8.2410
left90@100,2380,25.2990
left90@100,2381,0.0000
left90@100,2382,7.7690
left90@100,2383,0.0000
left90@100,2384,29.2330
left90@100,2385,34.7820
left90@100,2386,13.4470
left90@100,2387,5.8650
left90@100,2388,12.0260
left90@100,2389,13.4490
left90@100,2390,28.7580
left90@100,2391,14.2500
left90@100,2392,17.8400
left90@100,2393,28.6770
left90@100,2394,26.7750
left90@100,2395,11.6360
left90@100,2396,30.6890
left90@100,2397,18.8720
left90@100,2398,17.0220
left90@100,2399,15.3670
left90@100,2400,11.4900
left90@100,2401,20.6590
left90@100,2402,9.7930
left90@100,2403,-14.7770
left90@100,2404,3.7710
left90@100,2405,15.3590
left90@100,2406,11.4880
left90@100,2407,19.3320
left90@100,2408,8.5410
left90@100,2409,-4.5000
left90@100,2410,-4.7130
left90@100,2411,4.7090
left90@100,2412,0.0000
left90@100,2413,4.4960
left90@100,2414,-3.9620
left90@100,2415,-8.5170
left90@100,2416,-5.7630
left90@100,2417,4.6910
left90@100,2418,-15.9450
left90@100,2419,9.3320
left90@100,2420,-0.8530
left90@100,2421,-0.8570
left90@100,2422,4.9460
left90@100,2423,-12.1270
left90@100,2424,7.3180
left90@100,2425,-5.3550
left90@100,2426,-8.9680
left90@100,2427,4.0920
left90@100,2428,5.3470
left90@100,2429,4.7120
left90@100,2430,18.0690
left90@100,2431,-12.3370
left90@100,2432,10.3010
left90@100,2433,0.0000
left90@100,2434,12.9350
left90@100,2435,18.0730
left90@100,2436,9.2680
left90@100,2437,0.0000
left90@100,2438,14.8590
left90@100,2439,24.6600
left90@100,2440,3.9480
left90@100,2441,29.8900
left90@100,2442,4.4830
left90@100,2443,4.9500
right90@100,2444,24.6220
right90@100,2445,24.0010
right90@100,2446,21.2130
right90@100,2447,23.5370
right90@100,2448,21.3150
right90@100,2449,16.2470
right90@100,2450,22.5710
right90@100,2451,29.2720
right90@100,2452,22.5550
right90@100,2453,22.7250
right90@100,2454,13.1320
right90@100,2455,17.8180
right90@100,2456,11.9040
right90@100,2457,7.1340
right90@100,2458,4.8610
right90@100,2459,10.1620
right90@100,2460,7.3680
right90@100,2461,7.5340
right90@100,2462,5.2140
right90@100,2463,12.2870
right90@100,2464,0.8770
right90@100,2465,4.3760
right90@100,2466,11.4780
right90@100,2467,10.8720
right90@100,2468,10.9540
right90@100,2469,8.4920
right90@100,2470,11.8900
right90@100,2471,14.9910
right90@100,2472,18.3840
right90@100,2473,15.1940
right90@100,2474,14.4320
right90@100,2475,18.9180
right90@100,2476,19.1450
right90@100,2477,17.7190
right90@100,2478,15.3670
right90@100,2479,18.3060
right90@100,2480,14.0380
right90@100,2481,18.5910
right90@100,2482,21.3780
right90@100,2483,16.8960
right90@100,2484,20.7730
right90@100,2485,22.6390
right90@100,2486,21.9430
right90@100,2487,16.9930
right90@100,2488,19.5470
right90@100,2489,19.6250
right90@100,2490,13.9220
right90@100,2491,23.7660
right90@100,2492,20.2860
right90@100,2493,16.9190
right90@100,2494,20.1350
right90@100,2495,24.2280
right90@100,2496,19.2500
right90@100,2497,14.5150
right90@100,2498,11.8640
right90@100,2499,9.2050
right90@100,2500,3.5500
right90@100,2501,0.0000
right90@100,2502,4.3050
right90@100,2503,5.1620
right90@100,2504,3.8140
right90@100,2505,8.6810
right90@100,2506,0.0000
right90@100,2507,0.0000
right90@100,2508,4.9330
right90@100,2509,0.0000
right90@100,2510,0.0000
right90@100,2511,0.0000
right90@100,2512,0.0000
right90@100,2513,0.0000
right90@100,2514,0.0000
right90@100,2515,-6.5250
right90@100,2516,0.0000
right90@100,2517,0.0000
right90@100,2518,-7.2600
right90@100,2519,-6.5000
right90@100,2520,-6.4930
right90@100,2521,5.9270
right90@100,2522,0.0000
right90@100,2523,5.9170
right90@100,2524,0.0000
right90@100,2525,0.0000
right90@100,2526,6.2110
right90@100,2527,0.0000
right90@100,2528,-4.4280
right90@100,2529,0.0000
right90@100,2530,0.0000
right90@100,2531,-29.5360
right90@100,2532,-32.8270
right90@100,2533,0.0000
right90@100,2534,-33.7070
right90@100,2535,-32.9490
right90@100,2536,-5.1650
right90@100,2537,0.0000
right90@100,2538,7.3890
right90@100,2539,-12.5420
right90@100,2540,-7.2920
right90@100,2541,-13.2850
right90@100,2542,-24.8740
right90@100,2543,-31.1920
right90@100,2544,-31.1990
right90@100,2545,-21.5800
right90@100,2546,-19.7020
right90@100,2547,-25.2870
right90@100,2548,-13.2760
right90@100,2549,-7.7320
right90@100,2550,-5.8040
right90@100,2551,-23.8810
right90@100,2552,-6.1820
right90@100,2553,-18.8190
right90@100,2554,-5.8030
right90@100,2555,-11.8250
right90@100,2556,-29.9320
right90@100,2557,-34.4710
right90@100,2558,-35.4040
right90@100,2559,-37.0740
right90@100,2560,-23.9480
right90@100,2561,-38.3380
right90@100,2562,-35.2900
right90@100,2563,-26.6000
right90@100,2564,-34.4870
right90@100,2565,-29.6580
right90@100,2566,-29.0230
right90@100,2567,-34.4710
right90@100,2568,-35.2590
right90@100,2569,-31.1990
right90@100,2570,-48.9270
right90@100,2571,-34.4830
right90@100,2572,-32.5600
right90@100,2573,-11.8270
right90@100,2574,7.7740
sq_b@100,2575,-10.8990
sq_b@100,2576,-11.7880
sq_b@100,2577,-10.8670
sq_b@100,2578,-11.4680
sq_b@100,2579,-11.4590
sq_b@100,2580,-11.4500
sq_b@100,2581,-11.4310
sq_b@100,2582,-12.2640
sq_b@100,2583,-11.4260
sq_b@100,2584,-9.8240
sq_b@100,2585,-9.0320
sq_b@100,2586,-9.2190
sq_b@100,2587,-9.0270
sq_b@100,2588,-8.4320
sq_b@100,2589,-9.9360
sq_b@100,2590,-7.5220
sq_b@100,2591,-5.9310
sq_b@100,2592,-5.0350
sq_b@100,2593,-4.3060
sq_b@100,2594,-6.0280
sq_b@100,2595,-5.3790
sq_b@100,2596,-3.4640
sq_b@100,2597,-4.3580
sq_b@100,2598,-5.2570
sq_b@100,2599,-4.3770
sq_b@100,2600,-6.0790
sq_b@100,2601,-5.2490
sq_b@100,2602,-7.0400
sq_b@100,2603,-6.3110
sq_b@100,2604,-7.1550
sq_b@100,2605,-6.2900
sq_b@100,2606,-6.3380
sq_b@100,2607,-5.5680
sq_b@100,2608,-5.6110
sq_b@100,2609,-4.6990
sq_b@100,2610,-6.2820
sq_b@100,2611,-6.3270
sq_b@100,2612,-5.4210
sq_b@100,2613,-6.3330
sq_b@100,2614,-4.8620
sq_b@100,2615,-5.5920
sq_b@100,2616,-5.3910
sq_b@100,2617,-4.6860
sq_b@100,2618,-7.1630
sq_b@100,2619,-5.3540
sq_b@100,2620,-5.3560
sq_b@100,2621,-5.3940
sq_b@100,2622,-4.4810
sq_b@100,2623,-6.2560
sq_b@100,2624,-7.1590
sq_b@100,2625,-6.2590
sq_b@100,2626,-4.4820
sq_b@100,2627,-6.2160
sq_b@100,2628,-6.2140
sq_b@100,2629,-7.1070
sq_b@100,2630,-6.2440
sq_b@100,2631,-6.9650
sq_b@100,2632,-6.4200
sq_b@100,2633,-6.2450
sq_b@100,2634,-7.1510
sq_b@100,2635,-6.2410
sq_b@100,2636,-7.1780
sq_b@100,2637,-7.8640
sq_b@100,2638,-7.1730
sq_b@100,2639,-7.0440
sq_b@100,2640,-6.9960
sq_b@100,2641,-6.8530
sq_b@100,2642,-7.1410
sq_b@100,2643,-6.2770
sq_b@100,2644,-6.3210
sq_b@100,2645,-6.2760
sq_b@100,2646,-6.2340
sq_b@100,2647,-6.2760
sq_b@100,2648,-6.9510
sq_b@100,2649,-7.8570
sq_b@100,2650,-5.3620
sq_b@100,2651,-6.9480
sq_b@100,2652,-7.0000
sq_b@100,2653,-7.1400
sq_b@100,2654,-5.4030
sq_b@100,2655,-5.4040
sq_b@100,2656,-5.5810
sq_b@100,2657,-7.0000
sq_b@100,2658,-5.2520
sq_b@100,2659,-6.2800
sq_b@100,2660,-5.4070
sq_b@100,2661,-5.5840
sq_b@100,2662,-5.5850
sq_b@100,2663,-6.2820
sq_b@100,2664,-5.5840
sq_b@100,2665,-5.5860
sq_b@100,2666,-6.9650
sq_b@100,2667,-6.3220
sq_b@100,2668,-6.9060
sq_b@100,2669,-6.4960
sq_b@100,2670,-6.8580
sq_b@100,2671,-7.1430
sq_b@100,2672,-6.2820
sq_b@100,2673,-5.4090
sq_b@100,2674,-5.4100
sq_b@100,2675,-5.3820
sq_b@100,2676,-5.3830
sq_b@100,2677,-4.7120
sq_b@100,2678,-4.5060
sq_b@100,2679,-5.4070
sq_b@100,2680,-6.2860
sq_b@100,2681,-6.2880
sq_b@100,2682,-7.8770
sq_b@100,2683,-7.0150
sq_b@100,2684,-6.2920
sq_b@100,2685,-5.4170
sq_b@100,2686,-5.4150
sq_b@100,2687,-6.9250
sq_b@100,2688,-6.3280
sq_b@100,2689,-6.4610
sq_b@100,2690,-4.5020
sq_b@100,2691,-6.2520
sq_b@100,2692,-5.5880
sq_b@100,2693,-6.2520
sq_b@100,2694,-6.2870
sq_b@100,2695,-5.5550
sq_b@100,2696,-5.4110
sq_b@100,2697,-7.1850
sq_b@100,2698,-7.0130
sq_b@100,2699,-7.0110
sq_b@100,2700,-7.0130
sq_b@100,2701,-7.0100
sq_b@100,2702,-5.9530
sq_b@100,2703,-7.0060
sq_b@100,2704,-6.9600
sq_b@100,2705,-6.1350
sq_b@100,2706,-6.1370
sq_b@100,2707,-6.9540
sq_a@078,1,7.2900
sq_a@078,2,8.3160
sq_a@078,3,8.3640
sq_a@078,4,6.0520
sq_a@078,5,5.1680
sq_a@078,6,4.1300
sq_a@078,7,3.9760
sq_a@078,8,4.0510
sq_a@078,9,2.2850
sq_a@078,10,0.5610
sq_a@078,11,-1.1010
sq_a@078,12,1.0060
sq_a@078,13,0.0000
sq_a@078,14,0.5610
sq_a@078,15,1.6920
sq_a@078,16,1.6910
sq_a@078,17,2.2690
sq_a@078,18,3.2270
sq_a@078,19,2.2660
sq_a@078,20,3.2020
sq_a@078,21,2.7370
sq_a@078,22,4.7700
sq_a@078,23,3.7410
sq_a@078,24,4.3120
sq_a@078,25,4.8860
sq_a@078,26,5.2910
sq_a@078,27,4.1400
sq_a@078,28,5.2990
sq_a@078,29,5.1810
sq_a@078,30,4.1190
sq_a@078,31,5.2810
sq_a@078,32,5.7860
sq_a@078,33,4.6900
sq_a@078,34,4.3430
sq_a@078,35,4.3400
sq_a@078,36,4.7740
sq_a@078,37,3.7900
sq_a@078,38,4.3190
sq_a@078,39,3.8170
sq_a@078,40,4.2080
sq_a@078,41,4.7420
sq_a@078,42,5.3600
sq_a@078,43,4.2920
sq_a@078,44,4.9150
sq_a@078,45,4.7410
sq_a@078,46,4.3780
sq_a@078,47,5.9450
sq_a@078,48,4.7730
sq_a@078,49,5.3370
sq_a@078,50,4.9940
sq_a@078,51,5.2710
sq_a@078,52,5.8490
sq_a@078,53,5.2630
sq_a@078,54,5.7980
sq_a@078,55,5.2450
sq_a@078,56,5.3870
sq_a@078,57,5.3280
sq_a@078,58,3.9130
sq_a@078,59,4.3400
sq_a@078,60,4.3450
sq_a@078,61,4.8750
sq_a@078,62,3.7730
sq_a@078,63,3.7780
sq_a@078,64,3.8050
sq_a@078,65,3.8070
sq_a@078,66,3.2490
sq_a@078,67,4.2840
sq_a@078,68,3.9740
sq_a@078,69,4.8250
sq_a@078,70,3.8110
sq_a@078,71,3.7850
sq_a@078,72,4.3780
sq_a@078,73,4.5100
sq_a@078,74,4.3770
sq_a@078,75,5.1010
sq_a@078,76,4.5530
sq_a@078,77,4.5520
sq_a@078,78,6.2860
sq_a@078,79,4.1490
sq_a@078,80,4.1540
sq_a@078,81,4.1400
sq_a@078,82,4.7150
sq_a@078,83,4.1160
sq_a@078,84,4.7540
sq_a@078,85,3.5720
sq_a@078,86,4.1240
sq_a@078,87,3.5590
sq_a@078,88,4.1300
sq_a@078,89,4.1330
sq_a@078,90,4.1650
sq_a@078,91,4.2760
sq_a@078,92,4.7210
sq_a@078,93,4.0030
sq_a@078,94,3.4720
sq_a@078,95,4.6970
sq_a@078,96,4.7330
sq_a@078,97,4.1580
sq_a@078,98,6.2940
sq_a@078,99,5.7280
sq_a@078,100,4.7390
sq_a@078,101,4.7210
sq_a@078,102,5.7200
sq_a@078,103,5.1860
sq_a@078,104,4.7230
sq_a@078,105,5.8490
sq_a@078,106,4.6950
sq_a@078,107,4.7260
sq_a@078,108,4.8440
sq_a@078,109,5.3270
sq_a@078,110,4.1640
sq_a@078,111,5.4940
sq_a@078,112,5.4920
sq_a@078,113,6.0290
sq_a@078,114,4.7220
sq_a@078,115,4.1380
sq_a@078,116,4.7170
sq_a@078,117,4.1410
sq_a@078,118,4.1420
sq_a@078,119,4.7200
sq_a@078,120,6.6280
sq_a@078,121,4.7220
sq_a@078,122,5.4300
sq_a@078,123,4.7190
sq_a@078,124,4.1680
sq_a@078,125,4.1730
sq_a@078,126,4.3140
sq_a@078,127,4.8920
sq_a@078,128,5.3550
sq_a@078,129,5.4540
sq_a@078,130,4.8750
sq_a@078,131,6.0300
left30@078,132,3.5420
left30@078,133,3.5440
left30@078,134,4.1110
left30@078,135,4.6840
left30@078,136,3.5300
left30@078,137,5.2730
left30@078,138,4.1390
left30@078,139,4.0230
left30@078,140,4.8260
left30@078,141,5.2720
left30@078,142,5.2680
left30@078,143,4.1160
left30@078,144,5.2650
left30@078,145,3.5510
left30@078,146,4.7250
left30@078,147,4.7060
left30@078,148,4.1490
left30@078,149,4.0070
left30@078,150,4.0950
left30@078,151,4.1490
left30@078,152,4.1500
left30@078,153,4.1240
left30@078,154,4.1080
left30@078,155,3.5540
left30@078,156,3.5300
left30@078,157,4.6790
left30@078,158,4.6790
left30@078,159,4.1260
left30@078,160,4.0830
left30@078,161,3.5560
left30@078,162,4.0990
left30@078,163,4.1000
left30@078,164,4.6690
left30@078,165,4.6700
left30@078,166,4.0990
left30@078,167,4.0970
left30@078,168,3.5290
left30@078,169,4.0910
left30@078,170,4.0920
left30@078,171,4.8000
left30@078,172,4.5440
left30@078,173,4.5450
left30@078,174,4.5760
left30@078,175,4.5450
left30@078,176,4.5460
left30@078,177,5.6350
left30@078,178,5.0930
left30@078,179,4.1040
left30@078,180,4.1090
left30@078,181,5.0640
left30@078,182,4.1100
left30@078,183,5.0630
left30@078,184,4.6800
left30@078,185,4.6780
left30@078,186,4.6770
left30@078,187,5.0600
left30@078,188,4.1090
left30@078,189,4.6480
left30@078,190,4.6770
left30@078,191,4.9490
left30@078,192,4.5330
left30@078,193,5.0270
left30@078,194,4.4770
left30@078,195,5.6700
left30@078,196,4.1230
left30@078,197,5.0590
left30@078,198,4.6770
left30@078,199,5.1120
left30@078,200,4.4720
left30@078,201,5.0740
left30@078,202,5.1050
left30@078,203,4.6980
left30@078,204,4.1200
left30@078,205,6.2480
left30@078,206,5.0560
left30@078,207,4.1200
left30@078,208,5.5950
left30@078,209,5.0540
left30@078,210,5.0740
left30@078,211,4.5030
left30@078,212,4.5040
left30@078,213,4.1030
left30@078,214,4.5030
left30@078,215,5.0860
left30@078,216,5.0540
left30@078,217,5.0530
left30@078,218,4.5020
left30@078,219,4.1060
left30@078,220,3.4370
left30@078,221,4.6750
left30@078,222,4.0930
left30@078,223,5.6250
left30@078,224,5.0870
left30@078,225,4.6430
left30@078,226,4.5030
left30@078,227,5.5140
left30@078,228,4.1190
left30@078,229,4.4700
left30@078,230,4.4500
left30@078,231,3.6540
left30@078,232,4.3240
left30@078,233,5.0470
left30@078,234,4.2980
left30@078,235,4.2970
left30@078,236,4.9020
left30@078,237,4.8730
left30@078,238,4.3480
left30@078,239,4.9040
left30@078,240,5.0380
left30@078,241,4.9020
left30@078,242,5.4420
left30@078,243,5.4430
left30@078,244,4.8920
left30@078,245,4.3180
left30@078,246,5.0220
left30@078,247,4.8880
left30@078,248,4.3310
left30@078,249,5.4640
left30@078,250,4.9090
left30@078,251,6.0200
left30@078,252,5.3490
left30@078,253,4.3610
left30@078,254,4.3320
left30@078,255,4.9180
left30@078,256,5.4660
left30@078,257,5.4440
left30@078,258,4.8910
left30@078,259,5.4790
left30@078,260,4.8910
left30@078,261,5.4790
left30@078,262,5.4830
left30@078,263,5.4520
right30@078,264,31.1250
right30@078,265,30.5350
right30@078,266,29.6460
right30@078,267,30.3080
right30@078,268,30.3730
right30@078,269,30.5970
right30@078,270,30.3230
right30@078,271,29.7210
right30@078,272,29.7260
right30@078,273,31.1700
right30@078,274,30.9090
right30@078,275,31.2400
right30@078,276,32.0720
right30@078,277,30.8290
right30@078,278,32.8430
right30@078,279,32.2460
right30@078,280,33.2530
right30@078,281,28.2470
right30@078,282,30.1030
right30@078,283,28.7480
right30@078,284,28.2730
right30@078,285,34.1490
right30@078,286,30.8600
right30@078,287,30.3940
right30@078,288,35.5870
right30@078,289,36.0430
right30@078,290,33.9830
right30@078,291,30.6250
right30@078,292,31.8510
right30@078,293,32.9650
right30@078,294,34.9830
right30@078,295,36.4860
right30@078,296,33.9480
right30@078,297,36.4050
right30@078,298,35.0230
right30@078,299,35.9150
right30@078,300,34.6790
right30@078,301,41.6670
right30@078,302,36.2590
right30@078,303,34.8460
right30@078,304,34.4530
right30@078,305,33.4080
right30@078,306,34.2200
right30@078,307,35.5200
right30@078,308,34.1500
right30@078,309,35.7630
right30@078,310,33.4500
right30@078,311,33.8300
right30@078,312,33.2320
right30@078,313,32.7440
right30@078,314,38.6490
right30@078,315,31.6540
right30@078,316,34.2000
right30@078,317,41.2580
right30@078,318,41.9960
right30@078,319,37.2980
right30@078,320,34.0940
right30@078,321,38.7290
right30@078,322,32.9380
right30@078,323,34.4130
right30@078,324,33.7490
right30@078,325,29.9020
right30@078,326,38.0740
right30@078,327,32.7190
right30@078,328,31.9000
right30@078,329,32.1240
right30@078,330,32.6790
right30@078,331,33.4380
right30@078,332,36.7570
right30@078,333,31.3050
right30@078,334,31.8120
right30@078,335,31.1080
right30@078,336,32.1060
right30@078,337,33.2340
right30@078,338,35.3770
right30@078,339,36.2750
right30@078,340,37.9590
right30@078,341,33.9250
right30@078,342,31.9420
right30@078,343,32.7230
right30@078,344,36.1800
right30@078,345,33.2520
right30@078,346,37.8070
right30@078,347,30.2160
right30@078,348,38.2200
right30@078,349,32.8640
right30@078,350,33.4150
right30@078,351,30.2780
right30@078,352,29.8200
right30@078,353,31.6000
right30@078,354,37.1080
right30@078,355,36.0810
right30@078,356,33.4200
right30@078,357,38.3530
right30@078,358,35.7550
right30@078,359,32.5310
right30@078,360,35.0870
right30@078,361,34.8630
right30@078,362,33.8530
right30@078,363,39.0590
right30@078,364,33.9660
right30@078,365,37.4270
right30@078,366,35.1370
right30@078,367,28.5100
right30@078,368,30.9070
right30@078,369,29.9580
right30@078,370,31.8030
right30@078,371,31.0940
right30@078,372,33.9140
right30@078,373,38.5780
right30@078,374,30.6660
right30@078,375,37.0760
right30@078,376,31.4070
right30@078,377,28.4710
right30@078,378,27.9770
right30@078,379,28.1710
right30@078,380,23.5760
right30@078,381,30.4890
right30@078,382,28.4620
right30@078,383,37.1610
right30@078,384,26.5270
right30@078,385,27.2720
right30@078,386,24.5620
right30@078,387,23.4110
right30@078,388,26.1780
right30@078,389,26.4120
right30@078,390,27.8490
right30@078,391,27.0140
right30@078,392,25.5840
right30@078,393,31.7180
right30@078,394,30.1500
left45@078,395,36.8380
left45@078,396,35.7410
left45@078,397,35.3210
left45@078,398,34.1180
left45@078,399,33.9430
left45@078,400,36.3860
left45@078,401,37.2080
left45@078,402,34.0730
left45@078,403,34.6420
left45@078,404,36.0760
left45@078,405,35.1860
left45@078,406,33.5930
left45@078,407,36.5540
left45@078,408,34.9890
left45@078,409,35.6380
left45@078,410,37.3790
left45@078,411,34.7610
left45@078,412,34.4050
left45@078,413,35.8280
left45@078,414,34.2880
left45@078,415,32.7520
left45@078,416,37.1650
left45@078,417,33.3400
left45@078,418,33.2420
left45@078,419,35.8210
left45@078,420,34.9850
left45@078,421,37.6120
left45@078,422,34.7820
left45@078,423,34.4900
left45@078,424,34.6470
left45@078,425,36.8160
left45@078,426,33.6420
left45@078,427,35.2590
left45@078,428,33.2090
left45@078,429,35.4840
left45@078,430,35.9320
left45@078,431,34.0720
left45@078,432,36.1920
left45@078,433,34.6990
left45@078,434,33.2690
left45@078,435,34.4260
left45@078,436,36.7270
left45@078,437,33.7240
left45@078,438,35.1740
left45@078,439,34.7980
left45@078,440,36.7520
left45@078,441,33.9240
left45@078,442,37.9060
left45@078,443,35.6200
left45@078,444,35.5170
left45@078,445,32.1660
left45@078,446,35.8200
left45@078,447,35.5760
left45@078,448,34.0560
left45@078,449,34.7260
left45@078,450,36.9720
left45@078,451,34.2600
left45@078,452,33.9900
left45@078,453,32.1560
left45@078,454,35.8230
left45@078,455,32.6030
left45@078,456,35.8800
left45@078,457,35.3470
left45@078,458,36.8870
left45@078,459,35.3810
left45@078,460,34.4280
left45@078,461,36.0800
left45@078,462,36.3120
left45@078,463,35.1390
left45@078,464,36.2950
left45@078,465,34.4660
left45@078,466,35.5830
left45@078,467,36.2720
left45@078,468,35.2230
left45@078,469,36.0000
left45@078,470,35.4580
left45@078,471,34.1190
left45@078,472,37.6570
left45@078,473,34.8830
left45@078,474,33.5710
left45@078,475,34.6680
left45@078,476,34.7120
left45@078,477,36.1010
left45@078,478,36.2550
left45@078,479,29.7440
left45@078,480,36.8110
left45@078,481,33.5180
left45@078,482,36.3620
left45@078,483,31.3880
left45@078,484,35.7900
left45@078,485,36.5400
left45@078,486,36.8740
left45@078,487,33.5420
left45@078,488,35.2240
left45@078,489,37.6790
left45@078,490,34.7180
left45@078,491,33.5180
left45@078,492,34.4950
left45@078,493,37.6530
left45@078,494,37.5940
left45@078,495,38.3750
left45@078,496,34.1250
left45@078,497,32.2050
left45@078,498,34.9600
left45@078,499,39.5090
left45@078,500,37.3880
left45@078,501,37.4290
left45@078,502,39.5390
left45@078,503,37.7010
left45@078,504,35.7310
left45@078,505,34.1780
left45@078,506,36.1850
left45@078,507,34.8200
left45@078,508,35.0640
left45@078,509,34.3020
left45@078,510,37.2030
left45@078,511,34.8490
left45@078,512,33.3070
left45@078,513,34.6260
left45@078,514,35.4370
left45@078,515,33.3350
left45@078,516,34.0940
left45@078,517,35.0710
left45@078,518,34.0790
left45@078,519,35.3720
left45@078,520,33.3220
left45@078,521,34.7660
left45@078,522,34.6590
left45@078,523,35.5870
left45@078,524,35.8620
left45@078,525,32.4920
left45@078,526,35.7750
right45@078,527,32.8220
right45@078,528,34.5230
right45@078,529,36.0830
right45@078,530,32.8390
right45@078,531,41.0370
right45@078,532,38.6930
right45@078,533,35.8340
right45@078,534,34.6940
right45@078,535,34.8810
right45@078,536,33.9380
right45@078,537,35.3350
right45@078,538,37.2030
right45@078,539,36.9570
right45@078,540,39.4690
right45@078,541,58.6520
right45@078,542,31.3530
right45@078,543,32.8400
right45@078,544,34.5090
right45@078,545,34.0280
right45@078,546,32.4890
right45@078,547,31.7100
right45@078,548,30.1180
right45@078,549,31.7690
right45@078,550,32.2620
right45@078,551,28.8900
right45@078,552,30.2360
right45@078,553,31.4560
right45@078,554,30.4730
right45@078,555,29.7370
right45@078,556,32.1510
right45@078,557,31.7930
right45@078,558,30.7430
right45@078,559,32.8530
right45@078,560,30.2080
right45@078,561,30.5170
right45@078,562,32.4120
right45@078,563,31.4700
right45@078,564,32.3090
right45@078,565,29.5840
right45@078,566,33.3700
right45@078,567,33.6090
right45@078,568,30.3480
right45@078,569,30.7730
right45@078,570,30.8930
right45@078,571,31.9780
right45@078,572,30.7880
right45@078,573,33.6480
right45@078,574,33.6960
right45@078,575,31.2380
right45@078,576,32.8210
right45@078,577,32.6160
right45@078,578,33.3570
right45@078,579,34.3950
right45@078,580,32.3970
right45@078,581,32.5170
right45@078,582,34.2710
right45@078,583,31.0970
right45@078,584,31.8840
right45@078,585,35.2030
right45@078,586,34.7150
right45@078,587,28.9650
right45@078,588,30.2900
right45@078,589,31.5340
right45@078,590,29.6170
right45@078,591,30.7210
right45@078,592,29.7930
right45@078,593,32.5990
right45@078,594,31.5000
right45@078,595,30.6570
right45@078,596,30.3790
right45@078,597,32.7890
right45@078,598,29.6680
right45@078,599,31.3370
right45@078,600,29.9430
right45@078,601,31.2870
right45@078,602,29.3940
right45@078,603,30.6290
right45@078,604,29.2780
right45@078,605,32.1830
right45@078,606,30.0070
right45@078,607,33.1760
right45@078,608,29.0520
right45@078,609,29.4380
right45@078,610,30.3750
right45@078,611,31.4340
right45@078,612,29.2800
right45@078,613,32.3830
right45@078,614,33.7490
right45@078,615,28.9320
right45@078,616,33.1390
right45@078,617,31.1990
right45@078,618,28.9810
right45@078,619,28.7430
right45@078,620,30.4130
right45@078,621,30.9810
right45@078,622,32.9330
right45@078,623,32.5660
right45@078,624,31.3900
right45@078,625,30.6970
right45@078,626,32.8160
right45@078,627,30.6820
right45@078,628,31.5640
right45@078,629,33.0020
right45@078,630,30.2790
right45@078,631,29.0070
right45@078,632,29.9900
right45@078,633,31.8300
right45@078,634,33.2570
right45@078,635,31.4770
right45@078,636,32.0380
right45@078,637,31.1030
right45@078,638,31.4800
right45@078,639,32.3440
right45@078,640,29.9930
right45@078,641,27.7160
right45@078,642,31.8060
right45@078,643,30.0070
right45@078,644,30.6800
right45@078,645,32.4110
right45@078,646,31.3630
right45@078,647,29.0000
right45@078,648,30.3060
right45@078,649,33.1280
right45@078,650,28.9670
right45@078,651,30.0320
right45@078,652,34.6560
right45@078,653,29.6650
right45@078,654,30.0110
right45@078,655,30.3890
right45@078,656,31.4100
right45@078,657,30.0130
right45@078,658,28.9110
left60@078,659,-39.8590
left60@078,660,-39.9790
left60@078,661,-41.3340
left60@078,662,-39.3790
left60@078,663,-42.3940
left60@078,664,-44.2990
left60@078,665,-43.3300
left60@078,666,-44.3860
left60@078,667,-41.5800
left60@078,668,-42.7120
left60@078,669,-38.3700
left60@078,670,-35.1770
left60@078,671,-36.5080
left60@078,672,-35.1480
left60@078,673,-35.4490
left60@078,674,-35.1100
left60@078,675,-38.4790
left60@078,676,-36.6210
left60@078,677,-36.9750
left60@078,678,-35.6590
left60@078,679,-35.6510
left60@078,680,-36.5510
left60@078,681,-33.8530
left60@078,682,-38.0030
left60@078,683,-34.6250
left60@078,684,-33.9620
left60@078,685,-49.3170
left60@078,686,-42.7290
left60@078,687,-33.8840
left60@078,688,-32.4720
left60@078,689,-42.3610
left60@078,690,-45.2580
left60@078,691,-55.9230
left60@078,692,-32.3350
left60@078,693,-32.6190
left60@078,694,-30.3420
left60@078,695,-55.9310
left60@078,696,-54.7400
left60@078,697,-34.1530
left60@078,698,-54.2940
left60@078,699,-39.2960
left60@078,700,-32.7340
left60@078,701,-38.0630
left60@078,702,-55.5030
left60@078,703,-54.1580
left60@078,704,-58.8480
left60@078,705,-31.8890
left60@078,706,-31.0620
left60@078,707,-55.0250
left60@078,708,-36.2780
left60@078,709,-33.5660
left60@078,710,-30.6580
left60@078,711,-44.6980
left60@078,712,-55.7670
left60@078,713,-53.9210
left60@078,714,-39.2530
left60@078,715,-58.8630
left60@078,716,-38.0800
left60@078,717,-41.1650
left60@078,718,-34.6020
left60@078,719,-34.3190
left60@078,720,-38.6980
left60@078,721,-32.3880
left60@078,722,-32.2570
left60@078,723,-32.8070
left60@078,724,-31.3980
left60@078,725,-33.3630
left60@078,726,-32.4010
left60@078,727,-31.5240
left60@078,728,-54.7820
left60@078,729,-33.2370
left60@078,730,-33.3630
left60@078,731,-35.2600
left60@078,732,-33.5490
left60@078,733,-55.0060
left60@078,734,-56.4830
left60@078,735,-54.6700
left60@078,736,-39.1610
left60@078,737,-44.7610
left60@078,738,-34.6030
left60@078,739,-35.6640
left60@078,740,-37.8860
left60@078,741,-34.8310
left60@078,742,-34.1830
left60@078,743,-31.0730
left60@078,744,-34.0890
left60@078,745,-46.8190
left60@078,746,-39.1910
left60@078,747,-39.9730
left60@078,748,-36.8740
left60@078,749,-38.1040
left60@078,750,-39.4090
left60@078,751,-42.5930
left60@078,752,-53.6150
left60@078,753,-56.2090
left60@078,754,-56.2740
left60@078,755,-53.0540
left60@078,756,-55.5300
left60@078,757,-56.0740
left60@078,758,-49.5990
left60@078,759,-55.9570
left60@078,760,-46.0160
left60@078,761,-42.5930
left60@078,762,-32.5880
left60@078,763,-35.4570
left60@078,764,-33.9480
left60@078,765,-33.0520
left60@078,766,-46.8030
left60@078,767,-52.2710
left60@078,768,-47.3620
left60@078,769,-38.1840
left60@078,770,-33.4370
left60@078,771,-52.8300
left60@078,772,-51.9640
left60@078,773,-42.2790
left60@078,774,-48.7990
left60@078,775,-37.9480
left60@078,776,-40.4220
left60@078,777,-38.3580
left60@078,778,-40.7870
left60@078,779,-38.9110
left60@078,780,-41.6350
left60@078,781,-36.9380
left60@078,782,-39.3100
left60@078,783,-39.5780
left60@078,784,-40.1690
left60@078,785,-38.7660
left60@078,786,-40.3820
left60@078,787,-39.6250
left60@078,788,-43.7040
right60@078,789,-50.4390
right60@078,790,-48.8520
right60@078,791,-34.3910
right60@078,792,-46.4750
right60@078,793,-38.9520
right60@078,794,-38.1410
right60@078,795,-34.1470
right60@078,796,-35.7360
right60@078,797,-36.4600
right60@078,798,-42.7710
right60@078,799,-43.8380
right60@078,800,-36.9250
right60@078,801,-54.5570
right60@078,802,-31.7800
right60@078,803,-31.8820
right60@078,804,-30.1590
right60@078,805,-29.3630
right60@078,806,-29.2910
right60@078,807,-28.1920
right60@078,808,-24.2380
right60@078,809,-22.2120
right60@078,810,-23.5560
right60@078,811,-19.0170
right60@078,812,-15.6610
right60@078,813,-9.7320
right60@078,814,-10.5720
right60@078,815,-5.8360
right60@078,816,-1.8130
right60@078,817,1.6130
right60@078,818,5.1380
right60@078,819,6.8660
right60@078,820,10.5530
right60@078,821,16.0380
right60@078,822,18.0740
right60@078,823,22.2390
right60@078,824,22.7700
right60@078,825,24.4510
right60@078,826,24.1920
right60@078,827,22.7060
right60@078,828,26.0900
right60@078,829,29.7590
right60@078,830,33.0540
right60@078,831,34.7010
right60@078,832,37.9960
right60@078,833,36.3460
right60@078,834,36.6000
right60@078,835,34.6320
right60@078,836,36.1280
right60@078,837,34.6800
right60@078,838,33.9940
right60@078,839,28.6530
right60@078,840,30.5170
right60@078,841,30.8610
right60@078,842,34.2780
right60@078,843,34.4610
right60@078,844,31.2270
right60@078,845,32.5920
right60@078,846,34.6090
right60@078,847,35.7740
right60@078,848,41.4900
right60@078,849,40.1880
right60@078,850,39.4140
right60@078,851,37.5150
right60@078,852,37.6840
right60@078,853,37.6720
right60@078,854,37.1530
right60@078,855,32.7900
right60@078,856,31.9350
right60@078,857,37.1170
right60@078,858,37.4370
right60@078,859,42.8740
right60@078,860,36.2100
right60@078,861,36.1320
right60@078,862,42.0280
right60@078,863,40.9590
right60@078,864,43.3340
right60@078,865,42.2040
right60@078,866,42.0600
right60@078,867,37.1640
right60@078,868,42.0710
right60@078,869,36.2740
right60@078,870,41.8090
right60@078,871,34.4540
right60@078,872,33.7930
right60@078,873,36.5960
right60@078,874,34.7960
right60@078,875,32.1170
right60@078,876,33.8100
right60@078,877,35.0190
right60@078,878,35.1100
right60@078,879,33.4670
right60@078,880,33.6190
right60@078,881,32.2480
right60@078,882,33.5630
right60@078,883,33.0990
right60@078,884,33.5610
right60@078,885,34.5330
right60@078,886,32.4830
right60@078,887,32.4190
right60@078,888,32.6250
right60@078,889,32.9410
right60@078,890,33.8760
right60@078,891,56.2760
right60@078,892,31.0190
right60@078,893,32.9880
right60@078,894,30.1820
right60@078,895,31.8850
right60@078,896,31.0990
right60@078,897,31.1320
right60@078,898,32.8120
right60@078,899,31.0770
right60@078,900,34.5100
right60@078,901,35.5310
right60@078,902,31.9650
right60@078,903,37.0210
right60@078,904,34.1610
right60@078,905,33.0670
right60@078,906,33.5520
right60@078,907,32.7230
right60@078,908,32.7280
right60@078,909,32.5700
right60@078,910,30.0770
right60@078,911,33.3310
right60@078,912,32.0460
right60@078,913,31.6910
right60@078,914,30.2940
right60@078,915,30.5660
right60@078,916,31.5410
right60@078,917,29.5440
right60@078,918,29.7870
right60@078,919,30.8580
left90@078,920,136.8110
left90@078,921,124.4510
left90@078,922,123.6980
left90@078,923,113.1220
left90@078,924,120.1440
left90@078,925,170.2150
left90@078,926,119.9680
left90@078,927,111.6570
left90@078,928,135.9650
left90@078,929,180.0000
left90@078,930,157.7850
left90@078,931,175.8850
left90@078,932,118.8000
left90@078,933,123.1280
left90@078,934,141.0760
left90@078,935,123.0100
left90@078,936,124.6430
left90@078,937,110.6090
left90@078,938,125.4640
left90@078,939,171.3920
left90@078,940,152.3060
left90@078,941,-174.2020
left90@078,942,142.6110
left90@078,943,-32.1770
left90@078,944,174.0580
left90@078,945,140.6290
left90@078,946,117.8240
left90@078,947,160.1770
left90@078,948,-172.0220
left90@078,949,-66.3370
left90@078,950,-150.3930
left90@078,951,180.0000
left90@078,952,124.3270
left90@078,953,-175.7790
left90@078,954,-158.2180
left90@078,955,143.3340
left90@078,956,121.4150
left90@078,957,113.3670
left90@078,958,-167.4210
left90@078,959,147.6440
left90@078,960,115.8410
left90@078,961,-176.9250
left90@078,962,-175.1620
left90@078,963,157.3660
left90@078,964,-174.8240
left90@078,965,166.5380
left90@078,966,169.5870
left90@078,967,130.1440
left90@078,968,148.5510
left90@078,969,118.9190
left90@078,970,120.9400
left90@078,971,117.8010
left90@078,972,156.5060
left90@078,973,159.9740
left90@078,974,175.9500
left90@078,975,-172.0480
left90@078,976,168.5610
left90@078,977,-176.5700
left90@078,978,145.2660
left90@078,979,122.4570
left90@078,980,147.0870
left90@078,981,180.0000
left90@078,982,161.1960
left90@078,983,157.4270
left90@078,984,180.0000
left90@078,985,166.9870
left90@078,986,124.3980
left90@078,987,118.6990
left90@078,988,174.4800
left90@078,989,118.3530
left90@078,990,-177.5850
left90@078,991,-175.7340
left90@078,992,139.7440
left90@078,993,180.0000
left90@078,994,176.5880
left90@078,995,126.0630
left90@078,996,-168.6000
left90@078,997,118.1640
left90@078,998,116.6110
left90@078,999,-147.1500
left90@078,1000,121.5380
left90@078,1001,164.1240
left90@078,1002,-159.2730
left90@078,1003,-67.0780
left90@078,1004,-166.5130
left90@078,1005,118.1670
left90@078,1006,137.5490
left90@078,1007,-169.6600
left90@078,1008,114.6120
left90@078,1009,175.0750
left90@078,1010,171.5210
left90@078,1011,-65.0540
left90@078,1012,140.7430
left90@078,1013,106.9830
left90@078,1014,168.7960
left90@078,1015,156.2770
left90@078,1016,122.1490
left90@078,1017,-157.5060
left90@078,1018,114.6280
left90@078,1019,180.0000
left90@078,1020,-162.5010
left90@078,1021,136.7080
left90@078,1022,-168.0840
left90@078,1023,171.4280
left90@078,1024,119.0680
left90@078,1025,114.7620
left90@078,1026,169.6210
left90@078,1027,116.2160
left90@078,1028,112.8570
left90@078,1029,112.8580
left90@078,1030,163.0910
left90@078,1031,122.1320
left90@078,1032,124.2150
left90@078,1033,-165.3600
left90@078,1034,129.7780
left90@078,1035,140.3100
left90@078,1036,121.1050
left90@078,1037,120.5660
left90@078,1038,179.6190
left90@078,1039,180.0000
left90@078,1040,121.1380
left90@078,1041,118.7720
left90@078,1042,119.9950
left90@078,1043,121.4800
left90@078,1044,118.3290
left90@078,1045,175.4490
left90@078,1046,-175.4190
left90@078,1047,116.6630
left90@078,1048,154.6600
left90@078,1049,112.1320
left90@078,1050,115.0090
left90@078,1051,132.4060
left90@078,1052,173.1000
right90@078,1053,19.5010
right90@078,1054,15.3410
right90@078,1055,16.6040
right90@078,1056,10.5940
right90@078,1057,26.9330
right90@078,1058,17.9370
right90@078,1059,14.8690
right90@078,1060,16.1650
right90@078,1061,16.1830
right90@078,1062,18.5300
right90@078,1063,17.3740
right90@078,1064,19.0500
right90@078,1065,20.9310
right90@078,1066,19.5950
right90@078,1067,20.0990
right90@078,1068,18.8890
right90@078,1069,22.8140
right90@078,1070,24.1210
right90@078,1071,21.3480
right90@078,1072,23.3700
right90@078,1073,18.8580
right90@078,1074,20.0980
right90@078,1075,23.7430
right90@078,1076,23.9920
right90@078,1077,25.4840
right90@078,1078,22.9040
right90@078,1079,24.1820
right90@078,1080,20.0310
right90@078,1081,19.8200
right90@078,1082,22.9000
right90@078,1083,17.7820
right90@078,1084,19.5330
right90@078,1085,20.7460
right90@078,1086,22.0780
right90@078,1087,22.7520
right90@078,1088,22.0660
right90@078,1089,19.2600
right90@078,1090,20.5790
right90@078,1091,18.0080
right90@078,1092,23.5170
right90@078,1093,7.3010
right90@078,1094,25.1880
right90@078,1095,16.4470
right90@078,1096,19.6330
right90@078,1097,19.6110
right90@078,1098,27.1170
right90@078,1099,19.7000
right90@078,1100,16.9660
right90@078,1101,18.9720
right90@078,1102,18.8870
right90@078,1103,20.8230
right90@078,1104,17.7790
right90@078,1105,12.3250
right90@078,1106,25.7050
right90@078,1107,21.4390
right90@078,1108,17.7230
right90@078,1109,17.7180
right90@078,1110,21.4500
right90@078,1111,21.4540
right90@078,1112,16.9860
right90@078,1113,19.4920
right90@078,1114,17.7320
right90@078,1115,23.6590
right90@078,1116,20.7940
right90@078,1117,23.7880
right90@078,1118,18.4040
right90@078,1119,25.7350
right90@078,1120,23.2310
right90@078,1121,20.9180
right90@078,1122,18.4090
right90@078,1123,27.8030
right90@078,1124,15.2630
right90@078,1125,23.6340
right90@078,1126,21.3120
right90@078,1127,19.1290
right90@078,1128,24.4300
right90@078,1129,19.8120
right90@078,1130,21.5980
right90@078,1131,23.2480
right90@078,1132,20.6450
right90@078,1133,21.6100
right90@078,1134,22.3220
right90@078,1135,20.9430
right90@078,1136,22.9320
right90@078,1137,20.9220
right90@078,1138,21.6000
right90@078,1139,20.9480
right90@078,1140,20.8460
right90@078,1141,15.2140
right90@078,1142,20.3640
right90@078,1143,12.8620
right90@078,1144,18.3550
right90@078,1145,16.3520
right90@078,1146,16.3550
right90@078,1147,20.4240
right90@078,1148,22.8020
right90@078,1149,17.5770
right90@078,1150,20.4340
right90@078,1151,29.1930
right90@078,1152,19.7630
right90@078,1153,23.7980
right90@078,1154,14.0890
right90@078,1155,15.2710
right90@078,1156,18.2230
right90@078,1157,16.8920
right90@078,1158,13.8760
right90@078,1159,10.8880
right90@078,1160,24.6330
right90@078,1161,7.9080
right90@078,1162,22.7100
right90@078,1163,15.1240
right90@078,1164,24.4250
right90@078,1165,24.5970
right90@078,1166,21.0760
right90@078,1167,11.3960
right90@078,1168,24.2040
right90@078,1169,20.2990
right90@078,1170,12.3780
right90@078,1171,10.6130
right90@078,1172,10.9730
right90@078,1173,20.4320
right90@078,1174,0.0000
right90@078,1175,12.9560
right90@078,1176,8.1140
right90@078,1177,13.9740
right90@078,1178,16.9870
right90@078,1179,23.8020
right90@078,1180,24.6440
right90@078,1181,8.7470
right90@078,1182,19.8620
right90@078,1183,13.9920
sq_b@078,1184,-2.6760
sq_b@078,1185,-4.4500
sq_b@078,1186,-2.6780
sq_b@078,1187,-2.8350
sq_b@078,1188,-2.6590
sq_b@078,1189,-3.5520
sq_b@078,1190,-1.9690
sq_b@078,1191,-2.8540
sq_b@078,1192,-2.6780
sq_b@078,1193,-1.7930
sq_b@078,1194,-4.4570
sq_b@078,1195,-3.5630
sq_b@078,1196,-1.9730
sq_b@078,1197,-2.5050
sq_b@078,1198,-2.6810
sq_b@078,1199,-1.8000
sq_b@078,1200,-1.9640
sq_b@078,1201,-1.6070
sq_b@078,1202,-1.7990
sq_b@078,1203,-0.8980
sq_b@078,1204,-2.5070
sq_b@078,1205,-2.4900
sq_b@078,1206,-2.6570
sq_b@078,1207,-2.6910
sq_b@078,1208,-2.5120
sq_b@078,1209,-1.7920
sq_b@078,1210,-2.6930
sq_b@078,1211,-2.6750
sq_b@078,1212,-2.6760
sq_b@078,1213,-1.9700
sq_b@078,1214,-3.7360
sq_b@078,1215,-3.0660
sq_b@078,1216,-2.1700
sq_b@078,1217,-2.6610
sq_b@078,1218,-3.5530
sq_b@078,1219,-3.7090
sq_b@078,1220,-1.4610
sq_b@078,1221,-2.8500
sq_b@078,1222,-5.2810
sq_b@078,1223,-2.6610
sq_b@078,1224,-1.2490
sq_b@078,1225,-4.5750
sq_b@078,1226,-2.6620
sq_b@078,1227,-4.7220
sq_b@078,1228,-3.7100
sq_b@078,1229,-2.8730
sq_b@078,1230,-1.0790
sq_b@078,1231,-3.6870
sq_b@078,1232,-3.7120
sq_b@078,1233,-1.7810
sq_b@078,1234,-3.7370
sq_b@078,1235,-2.6620
sq_b@078,1236,-6.3530
sq_b@078,1237,-4.6290
sq_b@078,1238,-4.4510
sq_b@078,1239,-6.4870
sq_b@078,1240,-0.9000
sq_b@078,1241,-4.6010
sq_b@078,1242,-0.9000
sq_b@078,1243,-1.9720
sq_b@078,1244,-3.6860
sq_b@078,1245,-3.5350
sq_b@078,1246,-1.7910
sq_b@078,1247,-4.6320
sq_b@078,1248,-0.9000
sq_b@078,1249,-4.5690
sq_b@078,1250,-1.7930
sq_b@078,1251,-3.7650
sq_b@078,1252,-3.6850
sq_b@078,1253,-1.0720
sq_b@078,1254,-2.1850
sq_b@078,1255,-1.9590
sq_b@078,1256,-3.7130
sq_b@078,1257,-3.8860
sq_b@078,1258,-1.7940
sq_b@078,1259,-3.7120
sq_b@078,1260,-3.8870
sq_b@078,1261,-2.6640
sq_b@078,1262,-2.6960
sq_b@078,1263,-4.6070
sq_b@078,1264,-1.9580
sq_b@078,1265,-4.7840
sq_b@078,1266,-1.7940
sq_b@078,1267,-4.7860
sq_b@078,1268,-3.7130
sq_b@078,1269,-3.7100
sq_b@078,1270,-3.7370
sq_b@078,1271,-4.5790
sq_b@078,1272,-1.9580
sq_b@078,1273,-2.1550
sq_b@078,1274,-1.7690
sq_b@078,1275,-2.1700
sq_b@078,1276,-2.6620
sq_b@078,1277,-3.7110
sq_b@078,1278,-3.6840
sq_b@078,1279,-2.6620
sq_b@078,1280,-1.0720
sq_b@078,1281,-4.5760
sq_b@078,1282,-1.7800
sq_b@078,1283,-1.9440
sq_b@078,1284,-2.4940
sq_b@078,1285,-3.7080
sq_b@078,1286,-0.8920
sq_b@078,1287,-2.6570
sq_b@078,1288,-4.4180
sq_b@078,1289,-2.1660
sq_b@078,1290,-1.7790
sq_b@078,1291,-1.9550
sq_b@078,1292,-1.7780
sq_b@078,1293,-3.5480
sq_b@078,1294,-3.3700
sq_b@078,1295,-2.6710
sq_b@078,1296,-2.6720
sq_b@078,1297,-1.7660
sq_b@078,1298,-2.6550
sq_b@078,1299,-3.5480
sq_b@078,1300,-2.6700
sq_b@078,1301,-3.5690
sq_b@078,1302,-2.1420
sq_b@078,1303,-3.3460
sq_b@078,1304,-2.8670
sq_b@078,1305,-3.6770
sq_b@078,1306,-2.6370
sq_b@078,1307,-2.8470
sq_b@078,1308,-0.8910
sq_b@078,1309,-3.5000
sq_b@078,1310,-2.8450
sq_b@078,1311,-3.8770
sq_b@078,1312,-1.9550
sq_b@078,1313,-1.7880
sq_b@078,1314,-2.6550
sq_a@080,1315,-1.8500
sq_a@080,1316,-1.9600
sq_a@080,1317,-1.2610
sq_a@080,1318,-0.6990
sq_a@080,1319,-1.1060
sq_a@080,1320,-2.9260
sq_a@080,1321,-2.5090
sq_a@080,1322,-3.0960
sq_a@080,1323,-2.4010
sq_a@080,1324,-3.0930
sq_a@080,1325,-2.9470
sq_a@080,1326,-3.6700
sq_a@080,1327,-3.9210
sq_a@080,1328,-2.9640
sq_a@080,1329,-3.6300
sq_a@080,1330,-1.4040
sq_a@080,1331,-3.6820
sq_a@080,1332,-1.9530
sq_a@080,1333,-2.5370
sq_a@080,1334,-3.1170
sq_a@080,1335,-3.6590
sq_a@080,1336,-4.3760
sq_a@080,1337,-3.1170
sq_a@080,1338,-2.5670
sq_a@080,1339,-3.9360
sq_a@080,1340,-4.5080
sq_a@080,1341,-1.9410
sq_a@080,1342,-1.8310
sq_a@080,1343,-3.0950
sq_a@080,1344,-3.6310
sq_a@080,1345,-3.0940
sq_a@080,1346,-3.0630
sq_a@080,1347,-3.0820
sq_a@080,1348,-1.8240
sq_a@080,1349,-3.2270
sq_a@080,1350,-3.7970
sq_a@080,1351,-3.6360
sq_a@080,1352,-3.0880
sq_a@080,1353,-2.5490
sq_a@080,1354,-3.2540
sq_a@080,1355,-3.2300
sq_a@080,1356,-1.8400
sq_a@080,1357,-2.5680
sq_a@080,1358,-3.1100
sq_a@080,1359,-3.0900
sq_a@080,1360,-1.9850
sq_a@080,1361,-3.0690
sq_a@080,1362,-3.7800
sq_a@080,1363,-3.8050
sq_a@080,1364,-5.0090
sq_a@080,1365,-3.0910
sq_a@080,1366,-3.0930
sq_a@080,1367,-3.8070
sq_a@080,1368,-3.1130
sq_a@080,1369,-3.2580
sq_a@080,1370,-2.6800
sq_a@080,1371,-3.1130
sq_a@080,1372,-2.5710
sq_a@080,1373,-2.0030
sq_a@080,1374,-3.1130
sq_a@080,1375,-1.2920
sq_a@080,1376,-3.2810
sq_a@080,1377,-4.3130
sq_a@080,1378,-3.2590
sq_a@080,1379,-3.0930
sq_a@080,1380,-2.6620
sq_a@080,1381,-3.6980
sq_a@080,1382,-3.0920
sq_a@080,1383,-3.8060
sq_a@080,1384,-3.0920
sq_a@080,1385,-3.2360
sq_a@080,1386,-2.6610
sq_a@080,1387,-1.8290
sq_a@080,1388,-3.8080
sq_a@080,1389,-2.5530
sq_a@080,1390,-3.5350
sq_a@080,1391,-4.2180
sq_a@080,1392,-4.3260
sq_a@080,1393,-3.6160
sq_a@080,1394,-4.3210
sq_a@080,1395,-2.9700
sq_a@080,1396,-3.0980
sq_a@080,1397,-2.3920
sq_a@080,1398,-2.5220
sq_a@080,1399,-2.3770
sq_a@080,1400,-3.0980
sq_a@080,1401,-3.2060
sq_a@080,1402,-1.7110
sq_a@080,1403,-3.0780
sq_a@080,1404,-3.2580
sq_a@080,1405,-2.5040
sq_a@080,1406,-3.6850
sq_a@080,1407,-2.3620
sq_a@080,1408,-3.8340
sq_a@080,1409,-4.3720
sq_a@080,1410,-3.0780
sq_a@080,1411,-3.0930
sq_a@080,1412,-2.5530
sq_a@080,1413,-2.3590
sq_a@080,1414,-3.8070
sq_a@080,1415,-3.0750
sq_a@080,1416,-3.6070
sq_a@080,1417,-2.3590
sq_a@080,1418,-4.3160
sq_a@080,1419,-4.1930
sq_a@080,1420,-3.0940
sq_a@080,1421,-2.3730
sq_a@080,1422,-3.6320
sq_a@080,1423,-2.5030
sq_a@080,1424,-3.0950
sq_a@080,1425,-3.0750
sq_a@080,1426,-3.6090
sq_a@080,1427,-2.3740
sq_a@080,1428,-3.6110
sq_a@080,1429,-3.6110
sq_a@080,1430,-3.6080
sq_a@080,1431,-1.8190
sq_a@080,1432,-3.6100
sq_a@080,1433,-3.0970
sq_a@080,1434,-3.6340
sq_a@080,1435,-3.6100
sq_a@080,1436,-3.6090
sq_a@080,1437,-3.6080
sq_a@080,1438,-3.0750
sq_a@080,1439,-3.8070
sq_a@080,1440,-5.4260
sq_a@080,1441,-4.3390
sq_a@080,1442,-3.7810
sq_a@080,1443,-3.1090
sq_a@080,1444,-2.3790
left30@080,1445,-21.1010
left30@080,1446,-22.7420
left30@080,1447,-23.5210
left30@080,1448,-25.3240
left30@080,1449,-25.0820
left30@080,1450,-24.7960
left30@080,1451,-24.0110
left30@080,1452,-25.3890
left30@080,1453,-23.6260
left30@080,1454,-23.4980
left30@080,1455,-22.5480
left30@080,1456,-23.7030
left30@080,1457,-19.5580
left30@080,1458,-21.8770
left30@080,1459,-16.9050
left30@080,1460,-16.6880
left30@080,1461,-15.9480
left30@080,1462,-15.0210
left30@080,1463,-15.8360
left30@080,1464,-15.8460
left30@080,1465,-15.9840
left30@080,1466,-16.9330
left30@080,1467,-17.0010
left30@080,1468,-16.1450
left30@080,1469,-16.8840
left30@080,1470,-17.7970
left30@080,1471,-18.5700
left30@080,1472,-17.2070
left30@080,1473,-18.4830
left30@080,1474,-19.6890
left30@080,1475,-17.9660
left30@080,1476,-19.8540
left30@080,1477,-21.2820
left30@080,1478,-19.8340
left30@080,1479,-20.0400
left30@080,1480,-19.9930
left30@080,1481,-21.2460
left30@080,1482,-19.1810
left30@080,1483,-20.4850
left30@080,1484,-22.3960
left30@080,1485,-20.9380
left30@080,1486,-19.8590
left30@080,1487,-20.6180
left30@080,1488,-21.8560
left30@080,1489,-20.0730
left30@080,1490,-21.1140
left30@080,1491,-20.3790
left30@080,1492,-21.2930
left30@080,1493,-22.0290
left30@080,1494,-20.5430
left30@080,1495,-20.6700
left30@080,1496,-21.4990
left30@080,1497,-20.2600
left30@080,1498,-21.5840
left30@080,1499,-19.8900
left30@080,1500,-18.7770
left30@080,1501,-20.8580
left30@080,1502,-20.6860
left30@080,1503,-20.6720
left30@080,1504,-19.3810
left30@080,1505,-21.2920
left30@080,1506,-18.3720
left30@080,1507,-19.7800
left30@080,1508,-19.0950
left30@080,1509,-19.8950
left30@080,1510,-19.9280
left30@080,1511,-18.5220
left30@080,1512,-19.2620
left30@080,1513,-19.2660
left30@080,1514,-19.2870
left30@080,1515,-19.2900
left30@080,1516,-18.4760
left30@080,1517,-18.0110
left30@080,1518,-19.1560
left30@080,1519,-19.3080
left30@080,1520,-18.6210
left30@080,1521,-20.0700
left30@080,1522,-17.8900
left30@080,1523,-18.4910
left30@080,1524,-18.4860
left30@080,1525,-18.6290
left30@080,1526,-19.9300
left30@080,1527,-19.1430
left30@080,1528,-18.4900
left30@080,1529,-18.6420
left30@080,1530,-18.8430
left30@080,1531,-19.3320
left30@080,1532,-18.5110
left30@080,1533,-18.5230
left30@080,1534,-19.4620
left30@080,1535,-18.8770
left30@080,1536,-18.8000
left30@080,1537,-18.2190
left30@080,1538,-18.2230
left30@080,1539,-18.2010
left30@080,1540,-21.4670
left30@080,1541,-21.8890
left30@080,1542,-20.3810
left30@080,1543,-18.8570
left30@080,1544,-18.6670
left30@080,1545,-18.5210
left30@080,1546,-18.6570
left30@080,1547,-18.6510
left30@080,1548,-20.3670
left30@080,1549,-19.7080
left30@080,1550,-19.0290
left30@080,1551,-20.5980
left30@080,1552,-19.7770
left30@080,1553,-19.1470
left30@080,1554,-19.8050
left30@080,1555,-19.9310
left30@080,1556,-18.7820
left30@080,1557,-19.9200
left30@080,1558,-19.2480
left30@080,1559,-19.7690
left30@080,1560,-19.7730
left30@080,1561,-20.2950
left30@080,1562,-19.0690
left30@080,1563,-18.3520
left30@080,1564,-17.9460
left30@080,1565,-19.3750
left30@080,1566,-19.7150
left30@080,1567,-19.0780
left30@080,1568,-20.4450
left30@080,1569,-18.4850
left30@080,1570,-18.5760
left30@080,1571,-19.8720
left30@080,1572,-19.2010
left30@080,1573,-20.6940
left30@080,1574,-20.4490
left30@080,1575,-19.8590
right30@080,1576,36.9890
right30@080,1577,36.2230
right30@080,1578,36.4680
right30@080,1579,36.5550
right30@080,1580,35.9890
right30@080,1581,35.7170
right30@080,1582,35.6050
right30@080,1583,35.9950
right30@080,1584,34.0550
right30@080,1585,35.6210
right30@080,1586,34.6680
right30@080,1587,36.2170
right30@080,1588,36.5470
right30@080,1589,35.8150
right30@080,1590,36.5430
right30@080,1591,37.5880
right30@080,1592,36.1930
right30@080,1593,36.8830
right30@080,1594,36.2030
right30@080,1595,36.3650
right30@080,1596,35.7270
right30@080,1597,35.8360
right30@080,1598,36.6890
right30@080,1599,37.4410
right30@080,1600,36.6070
right30@080,1601,36.7050
right30@080,1602,36.7100
right30@080,1603,37.3580
right30@080,1604,36.2080
right30@080,1605,37.6990
right30@080,1606,35.9660
right30@080,1607,37.0200
right30@080,1608,37.8130
right30@080,1609,37.6160
right30@080,1610,37.4600
right30@080,1611,37.9210
right30@080,1612,37.1950
right30@080,1613,37.7010
right30@080,1614,37.1440
right30@080,1615,37.2530
right30@080,1616,36.8130
right30@080,1617,36.7240
right30@080,1618,37.9540
right30@080,1619,36.6570
right30@080,1620,36.8040
right30@080,1621,37.6400
right30@080,1622,36.0500
right30@080,1623,35.7700
right30@080,1624,35.6790
right30@080,1625,35.7740
right30@080,1626,35.8970
right30@080,1627,35.5470
right30@080,1628,36.2210
right30@080,1629,36.2610
right30@080,1630,35.9750
right30@080,1631,35.3190
right30@080,1632,35.8050
right30@080,1633,35.4450
right30@080,1634,35.2110
right30@080,1635,36.0420
right30@080,1636,35.0130
right30@080,1637,33.9210
right30@080,1638,35.3780
right30@080,1639,35.6280
right30@080,1640,35.1360
right30@080,1641,36.5590
right30@080,1642,35.4640
right30@080,1643,35.0850
right30@080,1644,35.0780
right30@080,1645,36.3990
right30@080,1646,34.7120
right30@080,1647,35.5550
right30@080,1648,34.4180
right30@080,1649,34.2890
right30@080,1650,35.7320
right30@080,1651,35.3810
right30@080,1652,36.0840
right30@080,1653,35.8570
right30@080,1654,35.3700
right30@080,1655,35.8570
right30@080,1656,35.2660
right30@080,1657,34.8910
right30@080,1658,34.7750
right30@080,1659,34.7670
right30@080,1660,36.5740
right30@080,1661,36.1690
right30@080,1662,35.5600
right30@080,1663,36.8990
right30@080,1664,36.0260
right30@080,1665,36.8450
right30@080,1666,35.2230
right30@080,1667,36.3850
right30@080,1668,36.7050
right30@080,1669,36.1290
right30@080,1670,35.5290
right30@080,1671,35.0480
right30@080,1672,36.7560
right30@080,1673,36.5450
right30@080,1674,36.5380
right30@080,1675,35.0430
right30@080,1676,35.2850
right30@080,1677,37.7220
right30@080,1678,35.8790
right30@080,1679,35.0860
right30@080,1680,35.9030
right30@080,1681,36.1250
right30@080,1682,35.5870
right30@080,1683,36.5730
right30@080,1684,35.4380
right30@080,1685,36.6530
right30@080,1686,36.8280
right30@080,1687,36.5190
right30@080,1688,35.8640
right30@080,1689,36.1260
right30@080,1690,35.7570
right30@080,1691,34.7220
right30@080,1692,35.6390
right30@080,1693,33.9640
right30@080,1694,36.5770
right30@080,1695,35.5080
right30@080,1696,35.6740
right30@080,1697,35.4150
right30@080,1698,34.6260
right30@080,1699,35.9170
right30@080,1700,35.5010
right30@080,1701,36.1060
right30@080,1702,36.4570
right30@080,1703,35.7880
right30@080,1704,35.7810
right30@080,1705,36.4600
left45@080,1706,-32.4490
left45@080,1707,-32.2480
left45@080,1708,-32.5410
left45@080,1709,-32.7410
left45@080,1710,-32.5640
left45@080,1711,-29.7110
left45@080,1712,-28.8570
left45@080,1713,-29.3170
left45@080,1714,-31.5020
left45@080,1715,-30.7860
left45@080,1716,-28.3160
left45@080,1717,-30.6990
left45@080,1718,-29.0840
left45@080,1719,-29.8210
left45@080,1720,-30.4380
left45@080,1721,-34.2390
left45@080,1722,-34.2440
left45@080,1723,-31.9930
left45@080,1724,-33.6220
left45@080,1725,-32.3470
left45@080,1726,-31.7920
left45@080,1727,-32.3570
left45@080,1728,-32.2670
left45@080,1729,-32.9800
left45@080,1730,-32.9590
left45@080,1731,-30.1560
left45@080,1732,-30.8980
left45@080,1733,-31.6140
left45@080,1734,-31.7500
left45@080,1735,-32.1110
left45@080,1736,-28.6150
left45@080,1737,-30.8170
left45@080,1738,-32.0610
left45@080,1739,-33.6210
left45@080,1740,-33.6880
left45@080,1741,-33.6310
left45@080,1742,-33.5130
left45@080,1743,-32.7330
left45@080,1744,-32.3610
left45@080,1745,-32.9720
left45@080,1746,-34.1250
left45@080,1747,-35.0090
left45@080,1748,-33.0400
left45@080,1749,-33.3850
left45@080,1750,-34.0490
left45@080,1751,-33.4630
left45@080,1752,-35.4980
left45@080,1753,-33.3800
left45@080,1754,-34.0440
left45@080,1755,-34.0590
left45@080,1756,-34.3050
left45@080,1757,-33.8880
left45@080,1758,-29.4930
left45@080,1759,-29.3540
left45@080,1760,-31.3420
left45@080,1761,-33.4060
left45@080,1762,-32.3450
left45@080,1763,-34.2240
left45@080,1764,-33.6560
left45@080,1765,-32.7310
left45@080,1766,-33.4970
left45@080,1767,-33.9770
left45@080,1768,-34.2480
left45@080,1769,-33.1310
left45@080,1770,-35.6820
left45@080,1771,-33.5270
left45@080,1772,-34.9520
left45@080,1773,-32.7800
left45@080,1774,-35.0240
left45@080,1775,-35.3560
left45@080,1776,-33.4150
left45@080,1777,-34.9140
left45@080,1778,-35.2940
left45@080,1779,-34.5900
left45@080,1780,-34.0480
left45@080,1781,-35.7080
left45@080,1782,-37.9560
left45@080,1783,-34.7660
left45@080,1784,-34.4070
left45@080,1785,-34.1550
left45@080,1786,-34.2090
left45@080,1787,-33.4440
left45@080,1788,-33.8340
left45@080,1789,-50.1700
left45@080,1790,-33.9290
left45@080,1791,-33.3660
left45@080,1792,-33.3710
left45@080,1793,-34.8190
left45@080,1794,-51.1700
left45@080,1795,-33.3610
left45@080,1796,-34.6830
left45@080,1797,-35.9790
left45@080,1798,-51.3000
left45@080,1799,-33.4990
left45@080,1800,-34.0280
left45@080,1801,-33.3400
left45@080,1802,-34.8510
left45@080,1803,-32.3420
left45@080,1804,-34.4250
left45@080,1805,-32.8510
left45@080,1806,-33.1450
left45@080,1807,-32.8360
left45@080,1808,-35.1980
left45@080,1809,-36.5930
left45@080,1810,-35.9360
left45@080,1811,-34.3360
left45@080,1812,-34.0120
left45@080,1813,-34.5310
left45@080,1814,-34.5240
left45@080,1815,-34.0260
left45@080,1816,-32.6460
left45@080,1817,-33.4440
left45@080,1818,-33.2020
left45@080,1819,-34.6870
left45@080,1820,-31.9360
left45@080,1821,-34.9360
left45@080,1822,-34.5260
left45@080,1823,-33.1150
left45@080,1824,-34.2790
left45@080,1825,-34.8570
left45@080,1826,-34.8360
left45@080,1827,-32.7090
left45@080,1828,-32.7140
left45@080,1829,-33.8130
left45@080,1830,-33.7250
left45@080,1831,-34.7900
left45@080,1832,-34.3990
left45@080,1833,-34.3360
left45@080,1834,-32.7990
left45@080,1835,-33.5190
left45@080,1836,-32.5450
right45@080,1837,33.8310
right45@080,1838,34.6300
right45@080,1839,35.6740
right45@080,1840,34.5300
right45@080,1841,34.0250
right45@080,1842,39.8820
right45@080,1843,35.2700
right45@080,1844,39.8910
right45@080,1845,33.6910
right45@080,1846,37.6540
right45@080,1847,36.4920
right45@080,1848,37.0160
right45@080,1849,38.0100
right45@080,1850,35.9650
right45@080,1851,34.4030
right45@080,1852,34.3950
right45@080,1853,35.8600
right45@080,1854,35.2890
right45@080,1855,36.4410
right45@080,1856,34.9150
right45@080,1857,35.3450
right45@080,1858,34.8060
right45@080,1859,35.0550
right45@080,1860,38.2800
right45@080,1861,36.4990
right45@080,1862,35.6200
right45@080,1863,36.2290
right45@080,1864,35.7260
right45@080,1865,34.7390
right45@080,1866,35.1340
right45@080,1867,32.5530
right45@080,1868,31.9680
right45@080,1869,37.4750
right45@080,1870,37.4330
right45@080,1871,38.3520
right45@080,1872,37.4980
right45@080,1873,37.0060
right45@080,1874,38.0930
right45@080,1875,36.4470
right45@080,1876,38.4760
right45@080,1877,37.8990
right45@080,1878,35.8970
right45@080,1879,36.7460
right45@080,1880,36.4710
right45@080,1881,37.9940
right45@080,1882,35.2200
right45@080,1883,39.2280
right45@080,1884,36.7600
right45@080,1885,37.6680
right45@080,1886,37.4010
right45@080,1887,38.2080
right45@080,1888,36.1630
right45@080,1889,37.1610
right45@080,1890,39.9460
right45@080,1891,39.1930
right45@080,1892,39.4220
right45@080,1893,40.0850
right45@080,1894,40.9970
right45@080,1895,41.6980
right45@080,1896,42.4530
right45@080,1897,40.7370
right45@080,1898,40.7560
right45@080,1899,41.7610
right45@080,1900,42.8850
right45@080,1901,40.1840
right45@080,1902,38.4930
right45@080,1903,40.6990
right45@080,1904,41.2260
right45@080,1905,41.9870
right45@080,1906,41.6550
right45@080,1907,41.8240
right45@080,1908,41.2480
right45@080,1909,37.1040
right45@080,1910,39.2170
right45@080,1911,38.0170
right45@080,1912,39.1980
right45@080,1913,41.6460
right45@080,1914,38.3530
right45@080,1915,36.4780
right45@080,1916,41.2400
right45@080,1917,38.5480
right45@080,1918,38.8170
right45@080,1919,39.3630
right45@080,1920,36.1660
right45@080,1921,37.7750
right45@080,1922,38.2970
right45@080,1923,41.4810
right45@080,1924,37.5190
right45@080,1925,40.0010
right45@080,1926,39.3680
right45@080,1927,38.3260
right45@080,1928,38.5360
right45@080,1929,37.4820
right45@080,1930,42.1280
right45@080,1931,39.5550
right45@080,1932,39.8070
right45@080,1933,38.7120
right45@080,1934,39.8940
right45@080,1935,38.5750
right45@080,1936,39.3960
right45@080,1937,38.6070
right45@080,1938,40.0950
right45@080,1939,39.8800
right45@080,1940,40.3080
right45@080,1941,40.0150
right45@080,1942,39.0270
right45@080,1943,39.2670
right45@080,1944,39.8390
right45@080,1945,39.2100
right45@080,1946,39.1110
right45@080,1947,39.2630
right45@080,1948,39.2280
right45@080,1949,38.0110
right45@080,1950,39.9620
right45@080,1951,39.1790
right45@080,1952,39.6620
right45@080,1953,40.4190
right45@080,1954,38.6190
right45@080,1955,39.1840
right45@080,1956,36.7930
right45@080,1957,40.2170
right45@080,1958,39.9520
right45@080,1959,39.1790
right45@080,1960,38.4080
right45@080,1961,37.8890
right45@080,1962,37.3620
right45@080,1963,40.0460
right45@080,1964,39.2450
right45@080,1965,39.2360
right45@080,1966,38.4350
right45@080,1967,38.9990
left60@080,1968,-26.6240
left60@080,1969,-27.9000
left60@080,1970,-27.8910
left60@080,1971,-27.9650
left60@080,1972,-24.7140
left60@080,1973,-28.0190
left60@080,1974,-27.6340
left60@080,1975,-27.9320
left60@080,1976,-31.0780
left60@080,1977,-33.7200
left60@080,1978,-35.4050
left60@080,1979,-29.9550
left60@080,1980,-28.9000
left60@080,1981,-36.6930
left60@080,1982,-40.1730
left60@080,1983,-39.4770
left60@080,1984,-39.4640
left60@080,1985,-38.2980
left60@080,1986,-41.8480
left60@080,1987,-40.3400
left60@080,1988,-38.9410
left60@080,1989,-39.4480
left60@080,1990,-36.1750
left60@080,1991,-35.3440
left60@080,1992,-38.7320
left60@080,1993,-37.0420
left60@080,1994,-39.4070
left60@080,1995,-36.4860
left60@080,1996,-27.4410
left60@080,1997,-33.1450
left60@080,1998,-32.0230
left60@080,1999,-25.2800
left60@080,2000,-27.5890
left60@080,2001,-25.8430
left60@080,2002,-20.9570
left60@080,2003,-22.0510
left60@080,2004,-22.0240
left60@080,2005,-21.7250
left60@080,2006,-21.7300
left60@080,2007,-19.3820
left60@080,2008,-21.9910
left60@080,2009,-19.9270
left60@080,2010,-20.6630
left60@080,2011,-19.9780
left60@080,2012,-21.2120
left60@080,2013,-19.6770
left60@080,2014,-19.3680
left60@080,2015,-18.7900
left60@080,2016,-20.5630
left60@080,2017,-19.7350
left60@080,2018,-21.0170
left60@080,2019,-21.8300
left60@080,2020,-19.2180
left60@080,2021,-21.0230
left60@080,2022,-21.3370
left60@080,2023,-22.4960
left60@080,2024,-21.2930
left60@080,2025,-22.5180
left60@080,2026,-22.4880
left60@080,2027,-22.9930
left60@080,2028,-24.1810
left60@080,2029,-24.3230
left60@080,2030,-21.3590
left60@080,2031,-23.0880
left60@080,2032,-25.1580
left60@080,2033,-23.6860
left60@080,2034,-25.3540
left60@080,2035,-24.8350
left60@080,2036,-24.5880
left60@080,2037,-22.8930
left60@080,2038,-22.0710
left60@080,2039,-23.1910
left60@080,2040,-21.4280
left60@080,2041,-25.0570
left60@080,2042,-23.5040
left60@080,2043,-21.4180
left60@080,2044,-24.3270
left60@080,2045,-23.7510
left60@080,2046,-24.9740
left60@080,2047,-22.8520
left60@080,2048,-24.0870
left60@080,2049,-21.6780
left60@080,2050,-24.5250
left60@080,2051,-25.5780
left60@080,2052,-23.2460
left60@080,2053,-25.3410
left60@080,2054,-24.4440
left60@080,2055,-25.2500
left60@080,2056,-22.8560
left60@080,2057,-24.1100
left60@080,2058,-23.9240
left60@080,2059,-23.7920
left60@080,2060,-22.6600
left60@080,2061,-21.6660
left60@080,2062,-22.5670
left60@080,2063,-21.4220
left60@080,2064,-24.0230
left60@080,2065,-22.0430
left60@080,2066,-22.0370
left60@080,2067,-21.9740
left60@080,2068,-20.2400
left60@080,2069,-23.7190
left60@080,2070,-21.7670
left60@080,2071,-22.8230
left60@080,2072,-22.0600
left60@080,2073,-22.0140
left60@080,2074,-21.6950
left60@080,2075,-23.5340
left60@080,2076,-21.7520
left60@080,2077,-20.5380
left60@080,2078,-22.4910
left60@080,2079,-20.4530
left60@080,2080,-20.8120
left60@080,2081,-21.1140
left60@080,2082,-21.7460
left60@080,2083,-21.4100
left60@080,2084,-19.8370
left60@080,2085,-21.1310
left60@080,2086,-21.4220
left60@080,2087,-20.8580
left60@080,2088,-21.1420
left60@080,2089,-19.9360
left60@080,2090,-21.1500
left60@080,2091,-20.8730
left60@080,2092,-21.4560
left60@080,2093,-22.1480
left60@080,2094,-20.9600
left60@080,2095,-22.4420
left60@080,2096,-22.9780
left60@080,2097,-21.1770
right60@080,2098,-164.1860
right60@080,2099,-113.3900
right60@080,2100,0.0000
right60@080,2101,0.0000
right60@080,2102,-1.5960
right60@080,2103,-4.9320
right60@080,2104,10.1900
right60@080,2105,-19.0620
right60@080,2106,2.0080
right60@080,2107,15.5760
right60@080,2108,11.1110
right60@080,2109,16.4440
right60@080,2110,13.4260
right60@080,2111,20.6730
right60@080,2112,32.2060
right60@080,2113,15.9190
right60@080,2114,13.0540
right60@080,2115,12.2290
right60@080,2116,17.5570
right60@080,2117,39.7070
right60@080,2118,38.7910
right60@080,2119,39.6260
right60@080,2120,31.6920
right60@080,2121,32.1290
right60@080,2122,29.2450
right60@080,2123,32.5970
right60@080,2124,30.6870
right60@080,2125,29.1700
right60@080,2126,29.5830
right60@080,2127,29.6620
right60@080,2128,29.0370
right60@080,2129,28.4920
right60@080,2130,28.4490
right60@080,2131,26.7010
right60@080,2132,28.2680
right60@080,2133,28.0340
right60@080,2134,28.9220
right60@080,2135,29.8900
right60@080,2136,29.5320
right60@080,2137,31.4930
right60@080,2138,27.9740
right60@080,2139,32.2040
right60@080,2140,32.1570
right60@080,2141,31.6570
right60@080,2142,29.2790
right60@080,2143,30.8460
right60@080,2144,30.8510
right60@080,2145,30.7420
right60@080,2146,28.8380
right60@080,2147,28.4370
right60@080,2148,30.8020
right60@080,2149,31.1300
right60@080,2150,31.5840
right60@080,2151,32.2510
right60@080,2152,31.0180
right60@080,2153,27.5950
right60@080,2154,26.8670
right60@080,2155,29.5550
right60@080,2156,30.5880
right60@080,2157,29.5550
right60@080,2158,26.0000
right60@080,2159,27.4600
right60@080,2160,27.4470
right60@080,2161,27.5840
right60@080,2162,26.3680
right60@080,2163,27.5110
right60@080,2164,27.9260
right60@080,2165,28.4170
right60@080,2166,27.3250
right60@080,2167,26.3740
right60@080,2168,27.0990
right60@080,2169,30.3310
right60@080,2170,28.6000
right60@080,2171,27.3660
right60@080,2172,26.7720
right60@080,2173,28.0870
right60@080,2174,27.2960
right60@080,2175,26.1080
right60@080,2176,27.5440
right60@080,2177,28.9170
right60@080,2178,27.8300
right60@080,2179,27.4100
right60@080,2180,26.4240
right60@080,2181,26.4170
right60@080,2182,27.9780
right60@080,2183,30.2110
right60@080,2184,30.0400
right60@080,2185,28.8150
right60@080,2186,26.4490
right60@080,2187,29.5780
right60@080,2188,28.5950
right60@080,2189,27.5450
right60@080,2190,28.2890
right60@080,2191,29.4040
right60@080,2192,29.3420
right60@080,2193,28.3490
right60@080,2194,26.9200
right60@080,2195,25.7330
right60@080,2196,27.7640
right60@080,2197,24.9140
right60@080,2198,24.9430
right60@080,2199,26.4390
right60@080,2200,24.0640
right60@080,2201,28.5700
right60@080,2202,26.0890
right60@080,2203,26.1420
right60@080,2204,28.5020
right60@080,2205,28.8500
right60@080,2206,26.9580
right60@080,2207,26.1190
right60@080,2208,27.2470
right60@080,2209,24.9320
right60@080,2210,26.0120
right60@080,2211,26.8510
right60@080,2212,26.8450
right60@080,2213,27.3830
right60@080,2214,26.8420
right60@080,2215,26.5820
right60@080,2216,26.9780
right60@080,2217,26.8450
right60@080,2218,26.4710
right60@080,2219,26.4860
right60@080,2220,27.2130
right60@080,2221,26.9690
right60@080,2222,27.8750
right60@080,2223,27.2050
right60@080,2224,26.9400
right60@080,2225,27.4920
right60@080,2226,26.0200
right60@080,2227,26.9420
right60@080,2228,25.9660
left90@080,2229,-139.5810
left90@080,2230,-136.2410
left90@080,2231,-134.9810
left90@080,2232,-155.9270
left90@080,2233,-133.6510
left90@080,2234,-135.7690
left90@080,2235,-155.5150
left90@080,2236,-158.4450
left90@080,2237,-136.8430
left90@080,2238,-137.5110
left90@080,2239,-134.8060
left90@080,2240,-134.5200
left90@080,2241,-133.9980
left90@080,2242,-154.7380
left90@080,2243,-132.8950
left90@080,2244,-133.3900
left90@080,2245,-132.8410
left90@080,2246,-132.5820
left90@080,2247,-131.5500
left90@080,2248,-131.2230
left90@080,2249,-133.1510
left90@080,2250,-154.7440
left90@080,2251,-131.9980
left90@080,2252,-133.4830
left90@080,2253,-133.1980
left90@080,2254,-133.3950
left90@080,2255,-132.7940
left90@080,2256,-132.9020
left90@080,2257,-132.8670
left90@080,2258,-136.3390
left90@080,2259,-135.4700
left90@080,2260,-137.1780
left90@080,2261,-137.4610
left90@080,2262,-134.9930
left90@080,2263,-136.3880
left90@080,2264,-138.5680
left90@080,2265,-134.7690
left90@080,2266,-134.0440
left90@080,2267,-133.7670
left90@080,2268,-137.3640
left90@080,2269,-134.6150
left90@080,2270,-136.2170
left90@080,2271,-134.6580
left90@080,2272,-136.2200
left90@080,2273,-159.0570
left90@080,2274,-136.6700
left90@080,2275,-133.1430
left90@080,2276,-133.2530
left90@080,2277,-138.0110
left90@080,2278,-153.2760
left90@080,2279,-135.1060
left90@080,2280,-134.4950
left90@080,2281,-135.8980
left90@080,2282,-136.1780
left90@080,2283,-136.0460
left90@080,2284,-135.6250
left90@080,2285,-135.7130
left90@080,2286,-135.1670
left90@080,2287,-134.4420
left90@080,2288,-135.6020
left90@080,2289,-135.0700
left90@080,2290,-149.9720
left90@080,2291,-134.6700
left90@080,2292,-135.0790
left90@080,2293,-136.6270
left90@080,2294,-135.3060
left90@080,2295,-135.1820
left90@080,2296,-134.5580
left90@080,2297,-134.8810
left90@080,2298,-134.8550
left90@080,2299,-136.7930
left90@080,2300,-135.9360
left90@080,2301,-134.6660
left90@080,2302,-135.6370
left90@080,2303,-137.0750
left90@080,2304,-135.3340
left90@080,2305,-134.3800
left90@080,2306,-132.5490
left90@080,2307,-132.4820
left90@080,2308,-134.8890
left90@080,2309,-134.5120
left90@080,2310,-134.4080
left90@080,2311,-133.1320
left90@080,2312,-133.4700
left90@080,2313,-133.2050
left90@080,2314,-133.4590
left90@080,2315,-137.0340
left90@080,2316,-133.0600
left90@080,2317,-136.1640
left90@080,2318,-135.1160
left90@080,2319,-137.4850
left90@080,2320,-133.9790
left90@080,2321,-136.1980
left90@080,2322,-135.3130
left90@080,2323,-135.1790
left90@080,2324,-134.2850
left90@080,2325,-135.8210
left90@080,2326,-153.2570
left90@080,2327,-133.4110
left90@080,2328,-133.3500
left90@080,2329,-133.9720
left90@080,2330,-130.4900
left90@080,2331,-134.6960
left90@080,2332,-133.4800
left90@080,2333,-133.9810
left90@080,2334,-133.2660
left90@080,2335,-134.4720
left90@080,2336,-142.1080
left90@080,2337,-134.4000
left90@080,2338,-134.8310
left90@080,2339,-133.4230
left90@080,2340,-134.6820
left90@080,2341,-134.7690
left90@080,2342,-135.9430
left90@080,2343,-134.3370
left90@080,2344,-135.6590
left90@080,2345,-136.1880
left90@080,2346,-135.5180
left90@080,2347,-137.8460
left90@080,2348,-134.3310
left90@080,2349,-134.9910
left90@080,2350,-133.9180
left90@080,2351,-135.4600
left90@080,2352,-134.3090
left90@080,2353,-134.4250
left90@080,2354,-132.6570
left90@080,2355,-152.6200
left90@080,2356,-134.9820
left90@080,2357,-132.9710
right90@080,2358,-110.9220
right90@080,2359,-113.4730
right90@080,2360,-133.1530
right90@080,2361,-158.7970
right90@080,2362,144.5480
right90@080,2363,150.9560
right90@080,2364,154.5000
right90@080,2365,180.0000
right90@080,2366,180.0000
right90@080,2367,-178.8460
right90@080,2368,172.6610
right90@080,2369,168.0290
right90@080,2370,134.7820
right90@080,2371,152.1620
right90@080,2372,-174.2350
right90@080,2373,180.0000
right90@080,2374,170.3690
right90@080,2375,-174.3730
right90@080,2376,-175.3130
right90@080,2377,168.2360
right90@080,2378,-158.4110
right90@080,2379,179.0710
right90@080,2380,163.5250
right90@080,2381,-170.6190
right90@080,2382,-175.6010
right90@080,2383,-175.3070
right90@080,2384,-170.6510
right90@080,2385,-154.1400
right90@080,2386,180.0000
right90@080,2387,-170.0550
right90@080,2388,-164.1300
right90@080,2389,-178.7640
right90@080,2390,155.8940
right90@080,2391,180.0000
right90@080,2392,-168.5590
right90@080,2393,-161.4820
right90@080,2394,-154.9940
right90@080,2395,145.1000
right90@080,2396,170.3010
right90@080,2397,-152.9390
right90@080,2398,-140.2400
right90@080,2399,-166.4980
right90@080,2400,-162.8450
right90@080,2401,138.4140
right90@080,2402,174.4150
right90@080,2403,155.4760
right90@080,2404,153.7400
right90@080,2405,149.0850
right90@080,2406,171.5220
right90@080,2407,158.6740
right90@080,2408,155.5370
right90@080,2409,132.8480
right90@080,2410,166.5470
right90@080,2411,-174.3430
right90@080,2412,170.3170
right90@080,2413,-164.6540
right90@080,2414,167.1710
right90@080,2415,180.0000
right90@080,2416,164.2180
right90@080,2417,165.5420
right90@080,2418,-163.2010
right90@080,2419,-170.1830
right90@080,2420,-170.8470
right90@080,2421,180.0000
right90@080,2422,168.1240
right90@080,2423,180.0000
right90@080,2424,180.0000
right90@080,2425,149.2920
right90@080,2426,-179.0190
right90@080,2427,180.0000
right90@080,2428,179.2690
right90@080,2429,171.4230
right90@080,2430,172.0460
right90@080,2431,155.5200
right90@080,2432,149.5350
right90@080,2433,-171.7770
right90@080,2434,-175.0790
right90@080,2435,-174.7370
right90@080,2436,-168.7170
right90@080,2437,-173.8620
right90@080,2438,-173.3210
right90@080,2439,-173.3260
right90@080,2440,-164.2140
right90@080,2441,175.8010
right90@080,2442,136.2100
right90@080,2443,-84.5910
right90@080,2444,161.5540
right90@080,2445,0.0000
right90@080,2446,47.7750
right90@080,2447,33.7470
right90@080,2448,50.2590
right90@080,2449,55.8530
right90@080,2450,34.7200
right90@080,2451,23.7020
right90@080,2452,24.5010
right90@080,2453,-2.4080
right90@080,2454,14.5290
right90@080,2455,5.2040
right90@080,2456,-2.5650
right90@080,2457,-2.3560
right90@080,2458,12.1700
right90@080,2459,12.5420
right90@080,2460,11.8960
right90@080,2461,15.8500
right90@080,2462,9.0330
right90@080,2463,6.9980
right90@080,2464,18.9340
right90@080,2465,8.7500
right90@080,2466,23.1570
right90@080,2467,18.4590
right90@080,2468,28.3380
right90@080,2469,30.8490
right90@080,2470,18.7500
right90@080,2471,12.4180
right90@080,2472,12.3400
right90@080,2473,4.4970
right90@080,2474,16.1400
right90@080,2475,20.6160
right90@080,2476,18.8020
right90@080,2477,16.5970
right90@080,2478,14.5540
right90@080,2479,15.6390
right90@080,2480,-12.1850
right90@080,2481,5.1050
right90@080,2482,-15.3440
right90@080,2483,10.8260
right90@080,2484,2.6570
right90@080,2485,18.8170
right90@080,2486,16.6680
right90@080,2487,8.1030
sq_b@080,2488,-1.2910
sq_b@080,2489,-1.2990
sq_b@080,2490,-1.1180
sq_b@080,2491,-0.7400
sq_b@080,2492,-0.7060
sq_b@080,2493,-1.3070
sq_b@080,2494,-1.1230
sq_b@080,2495,-1.2990
sq_b@080,2496,-1.3070
sq_b@080,2497,-1.2990
sq_b@080,2498,-1.8700
sq_b@080,2499,-0.5640
sq_b@080,2500,-0.5610
sq_b@080,2501,-0.5600
sq_b@080,2502,-1.3030
sq_b@080,2503,-0.5630
sq_b@080,2504,-1.2700
sq_b@080,2505,-1.4260
sq_b@080,2506,-1.1210
sq_b@080,2507,-0.6740
sq_b@080,2508,-0.5620
sq_b@080,2509,-0.5600
sq_b@080,2510,-0.1120
sq_b@080,2511,0.0000
sq_b@080,2512,0.5620
sq_b@080,2513,-0.5620
sq_b@080,2514,0.5630
sq_b@080,2515,0.0000
sq_b@080,2516,-0.6020
sq_b@080,2517,-0.5620
sq_b@080,2518,-0.5660
sq_b@080,2519,-1.1290
sq_b@080,2520,-1.1280
sq_b@080,2521,-1.1280
sq_b@080,2522,-0.5630
sq_b@080,2523,-1.3050
sq_b@080,2524,-1.8670
sq_b@080,2525,-0.5590
sq_b@080,2526,-2.4290
sq_b@080,2527,-3.0650
sq_b@080,2528,-2.3270
sq_b@080,2529,-1.8620
sq_b@080,2530,-3.1780
sq_b@080,2531,-2.4400
sq_b@080,2532,-1.8740
sq_b@080,2533,-2.6150
sq_b@080,2534,-2.5980
sq_b@080,2535,-0.5540
sq_b@080,2536,-2.4250
sq_b@080,2537,-2.3120
sq_b@080,2538,-1.8530
sq_b@080,2539,-0.5540
sq_b@080,2540,-1.1240
sq_b@080,2541,-1.1160
sq_b@080,2542,-0.1120
sq_b@080,2543,-1.8710
sq_b@080,2544,-0.9730
sq_b@080,2545,-2.4220
sq_b@080,2546,-2.4210
sq_b@080,2547,-1.8680
sq_b@080,2548,-2.9840
sq_b@080,2549,-1.9800
sq_b@080,2550,-2.5440
sq_b@080,2551,-1.3130
sq_b@080,2552,-0.7150
sq_b@080,2553,-0.5650
sq_b@080,2554,-0.7140
sq_b@080,2555,0.0000
sq_b@080,2556,-0.8610
sq_b@080,2557,0.0000
sq_b@080,2558,-1.3130
sq_b@080,2559,-1.3120
sq_b@080,2560,-0.5640
sq_b@080,2561,-0.5640
sq_b@080,2562,-0.5640
sq_b@080,2563,-0.8600
sq_b@080,2564,-1.2980
sq_b@080,2565,-0.8550
sq_b@080,2566,-1.4140
sq_b@080,2567,0.0000
sq_b@080,2568,-1.3040
sq_b@080,2569,-0.7100
sq_b@080,2570,-1.3200
sq_b@080,2571,0.0000
sq_b@080,2572,-0.7190
sq_b@080,2573,-0.7100
sq_b@080,2574,-0.1500
sq_b@080,2575,-0.7140
sq_b@080,2576,-0.5660
sq_b@080,2577,-0.5600
sq_b@080,2578,-1.4230
sq_b@080,2579,-1.1290
sq_b@080,2580,-2.4040
sq_b@080,2581,-1.2790
sq_b@080,2582,-1.8670
sq_b@080,2583,-1.8750
sq_b@080,2584,-1.1360
sq_b@080,2585,-1.1370
sq_b@080,2586,-1.3200
sq_b@080,2587,-0.5670
sq_b@080,2588,-1.0230
sq_b@080,2589,-0.5670
sq_b@080,2590,0.0000
sq_b@080,2591,-1.8800
sq_b@080,2592,-0.4540
sq_b@080,2593,-1.3200
sq_b@080,2594,-1.3200
sq_b@080,2595,-0.7490
sq_b@080,2596,-2.4390
sq_b@080,2597,-1.8680
sq_b@080,2598,-2.5960
sq_b@080,2599,-3.1650
sq_b@080,2600,-1.2950
sq_b@080,2601,-1.8510
sq_b@080,2602,-1.2940
sq_b@080,2603,-1.8510
sq_b@080,2604,-2.3990
sq_b@080,2605,-1.8520
sq_b@080,2606,-1.8630
sq_b@080,2607,-1.3040
sq_b@080,2608,-2.4170
sq_b@080,2609,-1.8510
sq_b@080,2610,-1.3050
sq_b@080,2611,-1.2990
sq_b@080,2612,0.0000
sq_b@080,2613,-1.2990
sq_b@080,2614,-0.7450
sq_b@080,2615,-2.5760
sq_b@080,2616,-0.7400
sq_b@080,2617,-1.3010
sq_b@080,2618,-1.9970
step_fwd@090,1,3.7400
step_fwd@090,2,2.3430
step_fwd@090,3,3.6170
step_fwd@090,4,3.1470
step_fwd@090,5,2.5490
step_fwd@090,6,2.5570
step_fwd@090,7,2.7250
step_fwd@090,8,4.0720
step_fwd@090,9,5.2900
step_fwd@090,10,4.0320
step_fwd@090,11,4.6160
step_fwd@090,12,5.3950
step_fwd@090,13,4.6810
step_fwd@090,14,4.0490
step_fwd@090,15,4.2760
step_fwd@090,16,2.1100
step_fwd@090,17,2.2550
step_fwd@090,18,1.5110
step_fwd@090,19,1.5130
step_fwd@090,20,2.0850
step_fwd@090,21,1.3330
step_fwd@090,22,0.4560
step_fwd@090,23,-0.5660
step_fwd@090,24,-2.9550
step_fwd@090,25,-2.9820
step_fwd@090,26,-1.4970
step_fwd@090,27,-0.9030
step_fwd@090,28,0.7560
step_fwd@090,29,-0.7420
step_fwd@090,30,0.7450
step_fwd@090,31,0.0000
step_fwd@090,32,0.7460
step_fwd@090,33,0.7430
step_fwd@090,34,0.8930
step_fwd@090,35,1.4960
step_fwd@090,36,1.4900
step_fwd@090,37,2.0660
step_fwd@090,38,2.2390
step_fwd@090,39,1.4790
step_fwd@090,40,1.4710
step_fwd@090,41,2.9910
step_fwd@090,42,2.2330
step_fwd@090,43,2.9950
step_fwd@090,44,3.6040
step_fwd@090,45,3.7580
step_fwd@090,46,3.7350
step_fwd@090,47,4.5460
step_fwd@090,48,3.9410
step_fwd@090,49,3.9420
step_fwd@090,50,3.9150
step_fwd@090,51,3.7660
step_fwd@090,52,3.8930
step_fwd@090,53,3.1430
step_fwd@090,54,3.9000
step_fwd@090,55,3.9010
step_fwd@090,56,3.7750
step_fwd@090,57,2.4150
step_fwd@090,58,3.1680
step_fwd@090,59,2.2390
step_fwd@090,60,2.2410
step_fwd@090,61,2.2570
step_fwd@090,62,2.8470
step_fwd@090,63,3.1490
step_fwd@090,64,1.4790
step_fwd@090,65,2.2260
step_fwd@090,66,3.1480
step_fwd@090,67,3.1450
step_fwd@090,68,2.3970
step_fwd@090,69,2.2230
step_fwd@090,70,3.9260
step_fwd@090,71,2.2240
step_fwd@090,72,3.1450
step_fwd@090,73,3.1690
step_fwd@090,74,3.7750
step_fwd@090,75,2.2270
step_fwd@090,76,3.1490
step_fwd@090,77,3.1720
step_fwd@090,78,3.1490
step_fwd@090,79,3.8830
step_fwd@090,80,2.4180
step_fwd@090,81,3.1730
step_fwd@090,82,3.2770
step_fwd@090,83,3.9150
step_fwd@090,84,3.1750
step_fwd@090,85,3.1750
step_fwd@090,86,3.1780
step_fwd@090,87,3.3030
step_fwd@090,88,2.4190
step_fwd@090,89,3.9140
step_fwd@090,90,3.1590
step_fwd@090,91,2.9860
step_fwd@090,92,4.6000
step_fwd@090,93,3.8710
step_fwd@090,94,3.8560
step_fwd@090,95,4.0250
step_fwd@090,96,1.4790
step_fwd@090,97,3.3230
step_fwd@090,98,2.3980
step_fwd@090,99,2.4320
step_fwd@090,100,3.9360
step_fwd@090,101,3.1380
step_fwd@090,102,3.1400
step_fwd@090,103,4.0570
step_fwd@090,104,3.1560
step_fwd@090,105,3.1570
step_fwd@090,106,2.5520
step_fwd@090,107,2.4050
step_fwd@090,108,2.2080
step_fwd@090,109,2.3790
step_fwd@090,110,4.0580
step_fwd@090,111,4.0550
step_fwd@090,112,4.8200
step_fwd@090,113,2.4070
step_fwd@090,114,4.0850
step_fwd@090,115,4.0860
step_fwd@090,116,3.1110
step_fwd@090,117,3.2740
step_fwd@090,118,2.0480
step_fwd@090,119,3.1060
step_fwd@090,120,2.9370
step_fwd@090,121,4.1080
step_fwd@090,122,2.4240
step_fwd@090,123,3.8940
step_fwd@090,124,3.8920
step_fwd@090,125,2.5480
step_fwd@090,126,1.6580
step_fwd@090,127,4.6480
step_fwd@090,128,2.4010
step_fwd@090,129,2.5460
step_fwd@090,130,4.0320
step_fwd@090,131,3.1710
step_fwd@090,132,3.9090
step_fwd@090,133,2.3990
step_fwd@090,134,3.1680
step_fwd@090,135,3.1460
step_fwd@090,136,1.5240
step_fwd@090,137,3.1450
step_fwd@090,138,3.1660
step_fwd@090,139,2.3970
step_fwd@090,140,3.1440
step_fwd@090,141,3.1660
step_fwd@090,142,3.1520
step_fwd@090,143,2.2760
step_fwd@090,144,3.1330
step_fwd@090,145,3.9080
step_fwd@090,146,3.0170
step_fwd@090,147,4.6460
step_fwd@090,148,3.1570
step_fwd@090,149,3.7180
step_fwd@090,150,4.6490
step_fwd@090,151,2.2810
step_fwd@090,152,3.1550
step_fwd@090,153,3.1420
step_fwd@090,154,3.8920
step_fwd@090,155,2.9750
step_fwd@090,156,4.0330
step_fwd@090,157,2.1940
step_fwd@090,158,3.0890
step_fwd@090,159,2.9430
step_fwd@090,160,2.9420
step_fwd@090,161,3.1110
step_fwd@090,162,2.5290
step_fwd@090,163,3.1120
step_fwd@090,164,3.1130
step_fwd@090,165,3.9680
step_fwd@090,166,3.9950
step_fwd@090,167,3.1110
step_fwd@090,168,2.5280
step_fwd@090,169,3.8590
step_fwd@090,170,4.8280
step_fwd@090,171,3.7070
step_fwd@090,172,3.1260
step_fwd@090,173,4.0620
step_fwd@090,174,3.9000
step_fwd@090,175,3.8950
step_fwd@090,176,3.1450
step_fwd@090,177,3.1250
step_fwd@090,178,3.8990
step_fwd@090,179,2.3530
step_fwd@090,180,3.1250
step_fwd@090,181,3.1260
step_fwd@090,182,2.2540
step_fwd@090,183,3.1600
step_fwd@090,184,3.7200
step_fwd@090,185,3.1380
step_fwd@090,186,4.4980
step_fwd@090,187,4.6460
step_fwd@090,188,4.0550
step_fwd@090,189,3.1320
step_fwd@090,190,3.0160
step_fwd@090,191,1.6620
step_fwd@090,192,2.3980
step_fwd@090,193,3.1710
step_fwd@090,194,0.9250
step_fwd@090,195,3.1670
step_fwd@090,196,2.4110
step_fwd@090,197,3.1670
step_fwd@090,198,1.0750
step_fwd@090,199,2.4250
step_fwd@090,200,3.1660
step_fwd@090,201,4.6050
step_side@090,202,2.5590
step_side@090,203,2.4100
step_side@090,204,2.4210
step_side@090,205,3.1630
step_side@090,206,2.3940
step_side@090,207,2.2540
step_side@090,208,5.2030
step_side@090,209,3.1020
step_side@090,210,3.1170
step_side@090,211,3.3000
step_side@090,212,3.8850
step_side@090,213,2.4000
step_side@090,214,2.4000
step_side@090,215,3.1510
step_side@090,216,3.1570
step_side@090,217,3.0060
step_side@090,218,2.4050
step_side@090,219,1.6470
step_side@090,220,1.6570
step_side@090,221,0.5910
step_side@090,222,-1.4510
step_side@090,223,-1.4510
step_side@090,224,-2.3680
step_side@090,225,-2.3870
step_side@090,226,-2.5730
step_side@090,227,-6.5960
step_side@090,228,-5.0640
step_side@090,229,-5.0500
step_side@090,230,-6.6680
step_side@090,231,-5.7710
step_side@090,232,-5.7380
step_side@090,233,-5.0520
step_side@090,234,-3.2800
step_side@090,235,-4.8480
step_side@090,236,-2.6780
step_side@090,237,-1.8220
step_side@090,238,-0.7300
step_side@090,239,-1.8260
step_side@090,240,-0.7260
step_side@090,241,-1.8100
step_side@090,242,-2.8870
step_side@090,243,2.5550
step_side@090,244,-0.1780
step_side@090,245,1.4510
step_side@090,246,2.7420
step_side@090,247,1.6090
step_side@090,248,1.7810
step_side@090,249,2.7060
step_side@090,250,2.7270
step_side@090,251,3.8090
step_side@090,252,2.7310
step_side@090,253,3.6930
step_side@090,254,2.7890
step_side@090,255,0.9160
step_side@090,256,1.8640
step_side@090,257,0.9470
step_side@090,258,0.7560
step_side@090,259,-1.9100
step_side@090,260,-1.9040
step_side@090,261,-2.8240
step_side@090,262,-3.8130
step_side@090,263,-2.8630
step_side@090,264,-2.8780
step_side@090,265,-1.9320
step_side@090,266,-5.7590
step_side@090,267,-3.8880
step_side@090,268,-3.9390
step_side@090,269,-4.0560
step_side@090,270,-6.1860
step_side@090,271,-6.1940
step_side@090,272,-3.1740
step_side@090,273,-10.9570
step_side@090,274,-18.0840
step_side@090,275,-25.5160
step_side@090,276,-21.0480
step_side@090,277,-7.1710
step_side@090,278,-11.0820
step_side@090,279,-7.6930
step_side@090,280,-14.3480
step_side@090,281,-18.1530
step_side@090,282,-26.3230
step_side@090,283,-29.2990
step_side@090,284,-33.5920
step_side@090,285,-33.8000
step_side@090,286,-34.7160
step_side@090,287,-39.0960
step_side@090,288,-37.8920
step_side@090,289,-42.4850
step_side@090,290,-41.0900
step_side@090,291,-35.9680
step_side@090,292,-35.2990
step_side@090,293,-37.6520
step_side@090,294,-35.4760
step_side@090,295,-37.0150
step_side@090,296,-35.8070
step_side@090,297,-37.6210
step_side@090,298,-33.8180
step_side@090,299,-36.8690
step_side@090,300,-31.2010
step_side@090,301,-30.2340
step_side@090,302,-28.4140
step_side@090,303,-18.9660
step_side@090,304,-16.9930
step_side@090,305,-17.9170
step_side@090,306,-11.6640
step_side@090,307,-5.7040
step_side@090,308,-22.6250
step_side@090,309,-16.7330
step_side@090,310,-14.0560
step_side@090,311,-13.4760
step_side@090,312,-6.3040
step_side@090,313,-2.9420
step_side@090,314,-0.9370
step_side@090,315,-2.9700
step_side@090,316,-0.9130
step_side@090,317,3.6700
step_side@090,318,7.4630
step_side@090,319,10.3470
step_side@090,320,12.4210
step_side@090,321,18.8010
step_side@090,322,20.5590
step_side@090,323,24.2430
step_side@090,324,25.3100
step_side@090,325,28.6510
step_side@090,326,30.4520
step_side@090,327,31.7360
step_side@090,328,30.4360
step_side@090,329,30.6050
step_side@090,330,31.2070
step_side@090,331,36.7010
step_side@090,332,37.5600
step_side@090,333,38.2060
step_side@090,334,41.5550
step_side@090,335,45.0420
step_side@090,336,42.5140
step_side@090,337,43.8590
step_side@090,338,44.8090
step_side@090,339,43.3850
step_side@090,340,39.4210
step_side@090,341,40.7620
step_side@090,342,40.3070
step_side@090,343,40.1840
step_side@090,344,40.9630
step_side@090,345,41.2610
step_side@090,346,38.1020
step_side@090,347,39.6780
step_side@090,348,38.9410
step_side@090,349,41.2690
step_side@090,350,41.0670
step_side@090,351,44.6100
step_side@090,352,44.5650
step_side@090,353,42.1030
step_side@090,354,40.3740
step_side@090,355,32.5990
step_side@090,356,33.4500
step_side@090,357,30.6890
step_side@090,358,27.7840
step_side@090,359,26.8910
step_side@090,360,20.3460
step_side@090,361,17.7460
step_side@090,362,13.4090
step_side@090,363,11.4020
step_side@090,364,9.2020
step_side@090,365,7.0890
step_side@090,366,5.4890
step_side@090,367,3.1950
step_side@090,368,3.2230
step_side@090,369,0.7210
step_side@090,370,1.6310
step_side@090,371,1.6310
step_side@090,372,1.6640
step_side@090,373,-0.9130
step_side@090,374,0.7400
step_side@090,375,-0.9250
step_side@090,376,-2.4120
step_side@090,377,-1.6400
step_side@090,378,0.0000
step_side@090,379,-0.7260
step_side@090,380,-0.8930
step_side@090,381,-1.6020
step_side@090,382,-1.8050
step_side@090,383,-0.8930
step_side@090,384,-0.8870
step_side@090,385,-0.8710
step_side@090,386,-1.7260
step_side@090,387,-1.7490
step_side@090,388,-2.6180
step_side@090,389,-4.3680
step_side@090,390,-2.6390
step_side@090,391,-3.5120
step_side@090,392,-2.6080
step_side@090,393,-2.6080
step_side@090,394,-3.5160
step_side@090,395,-3.5190
step_side@090,396,-3.5190
step_side@090,397,-4.3900
step_side@090,398,-4.2430
step_side@090,399,-3.5310
step_side@090,400,-7.1700
step_side@090,401,-6.3310
step_side@090,402,-5.6070
step_side@090,403,-8.1970
step_side@090,404,-9.1960
step_side@090,405,-8.0860
crouch@090,406,-3.3600
crouch@090,407,-3.1690
crouch@090,408,-4.6240
crouch@090,409,-4.0290
crouch@090,410,-3.3380
crouch@090,411,-4.0540
crouch@090,412,-3.0270
crouch@090,413,-3.3600
crouch@090,414,-2.4720
crouch@090,415,-3.0600
crouch@090,416,-4.0290
crouch@090,417,-4.7660
crouch@090,418,-3.1490
crouch@090,419,-4.0280
crouch@090,420,-4.0450
crouch@090,421,-5.5800
crouch@090,422,-4.0140
crouch@090,423,-5.4880
crouch@090,424,-5.5180
crouch@090,425,-4.6470
crouch@090,426,-2.3840
crouch@090,427,-1.5450
crouch@090,428,-4.4560
crouch@090,429,-4.2450
crouch@090,430,-2.1900
crouch@090,431,-7.6050
crouch@090,432,-7.2820
crouch@090,433,-9.5530
crouch@090,434,-8.8740
crouch@090,435,-9.1650
crouch@090,436,-10.0200
crouch@090,437,-11.7920
crouch@090,438,-10.0340
crouch@090,439,-11.4040
crouch@090,440,-10.7690
crouch@090,441,-11.0160
crouch@090,442,-12.5040
crouch@090,443,-13.7830
crouch@090,444,-13.1830
crouch@090,445,-14.3420
crouch@090,446,-12.5020
crouch@090,447,-13.4210
crouch@090,448,-13.4760
crouch@090,449,-12.9180
crouch@090,450,-14.1480
crouch@090,451,-13.7760
crouch@090,452,-12.6990
crouch@090,453,-11.9500
crouch@090,454,-13.2540
crouch@090,455,-12.7910
crouch@090,456,-12.9170
crouch@090,457,-11.4560
crouch@090,458,-13.2670
crouch@090,459,-14.7990
crouch@090,460,-13.4980
crouch@090,461,-12.0030
crouch@090,462,-17.6510
crouch@090,463,-12.4450
crouch@090,464,-12.8520
crouch@090,465,-11.5680
crouch@090,466,-12.0250
crouch@090,467,-13.3970
crouch@090,468,-12.6600
crouch@090,469,-11.6950
crouch@090,470,-12.4290
crouch@090,471,-12.0770
crouch@090,472,-11.9860
crouch@090,473,-14.4340
crouch@090,474,-12.7920
crouch@090,475,-11.7600
crouch@090,476,-12.5940
crouch@090,477,-12.1020
crouch@090,478,-12.0180
crouch@090,479,-12.5230
crouch@090,480,-12.7500
crouch@090,481,-11.7360
crouch@090,482,-11.2390
crouch@090,483,-12.4480
crouch@090,484,-12.0010
crouch@090,485,-11.6320
crouch@090,486,-11.1580
crouch@090,487,-11.5600
crouch@090,488,-11.9750
crouch@090,489,-12.0630
crouch@090,490,-12.3580
crouch@090,491,-11.4460
crouch@090,492,-13.1160
crouch@090,493,-14.0870
crouch@090,494,-13.5330
crouch@090,495,-14.0180
crouch@090,496,-12.9160
crouch@090,497,-12.5420
crouch@090,498,-12.8200
crouch@090,499,-13.7110
crouch@090,500,-11.3220
crouch@090,501,-9.2770
crouch@090,502,-8.7660
crouch@090,503,-4.6310
crouch@090,504,-5.9810
crouch@090,505,-5.2330
crouch@090,506,-4.9520
crouch@090,507,-5.0070
crouch@090,508,-4.3530
crouch@090,509,-4.3490
crouch@090,510,-2.0930
crouch@090,511,-1.5790
crouch@090,512,-1.5730
crouch@090,513,-1.5770
crouch@090,514,-1.5730
crouch@090,515,-2.2780
crouch@090,516,-3.1490
crouch@090,517,-1.6000
crouch@090,518,-1.5930
crouch@090,519,-1.7470
crouch@090,520,-1.6070
crouch@090,521,-1.6070
crouch@090,522,-4.9780
crouch@090,523,-3.3760
crouch@090,524,-2.4870
crouch@090,525,-1.6070
crouch@090,526,-2.5200
crouch@090,527,-1.6190
crouch@090,528,-3.2130
crouch@090,529,-3.4310
crouch@090,530,-3.4350
crouch@090,531,-2.6560
crouch@090,532,-1.7840
crouch@090,533,-1.7840
crouch@090,534,-3.0800
crouch@090,535,-1.8100
crouch@090,536,-0.7160
crouch@090,537,-1.6150
crouch@090,538,-3.2230
crouch@090,539,-3.4320
crouch@090,540,-4.3280
crouch@090,541,-3.4300
crouch@090,542,-2.6760
crouch@090,543,-4.3240
crouch@090,544,-6.9250
crouch@090,545,-6.0330
crouch@090,546,-6.2120
crouch@090,547,-7.7700
crouch@090,548,-6.9760
crouch@090,549,-7.0760
crouch@090,550,-7.0880
crouch@090,551,-6.2420
crouch@090,552,-6.2430
crouch@090,553,-5.3860
crouch@090,554,-7.2760
crouch@090,555,-6.2500
crouch@090,556,-5.3930
crouch@090,557,-5.3670
crouch@090,558,-4.4740
crouch@090,559,-6.2390
crouch@090,560,-5.1980
crouch@090,561,-5.5950
crouch@090,562,-4.4890
crouch@090,563,-2.6850
crouch@090,564,-3.5900
crouch@090,565,-4.4930
crouch@090,566,-3.6110
crouch@090,567,-3.4150
crouch@090,568,-5.5570
crouch@090,569,-3.6530
crouch@090,570,-5.8120
crouch@090,571,-3.8140
crouch@090,572,-4.6990
crouch@090,573,-3.6380
crouch@090,574,-4.5760
crouch@090,575,-7.6530
crouch@090,576,-4.2110
crouch@090,577,-4.7060
crouch@090,578,-6.5140
crouch@090,579,-7.6060
crouch@090,580,-7.5520
crouch@090,581,-5.6410
crouch@090,582,-6.4310
crouch@090,583,-5.5290
crouch@090,584,-5.1710
crouch@090,585,-6.4350
crouch@090,586,-5.2080
crouch@090,587,-4.8430
crouch@090,588,-5.7240
crouch@090,589,-4.6380
crouch@090,590,-4.6100
crouch@090,591,-5.4620
crouch@090,592,-3.7110
crouch@090,593,-1.7740
crouch@090,594,-1.7720
crouch@090,595,-2.8210
crouch@090,596,-2.6420
crouch@090,597,-3.5250
crouch@090,598,-2.6540
crouch@090,599,-3.5240
crouch@090,600,-6.1040
crouch@090,601,-5.4300
bend@090,602,-0.8890
bend@090,603,0.0000
bend@090,604,-0.8900
bend@090,605,0.0000
bend@090,606,-0.8900
bend@090,607,-1.7730
bend@090,608,-1.7720
bend@090,609,-0.1780
bend@090,610,-0.8900
bend@090,611,-1.0670
bend@090,612,-1.7610
bend@090,613,-0.3570
bend@090,614,-0.1780
bend@090,615,0.8960
bend@090,616,-0.8900
bend@090,617,-0.8900
bend@090,618,-0.8900
bend@090,619,-1.0660
bend@090,620,0.0000
bend@090,621,0.0000
bend@090,622,-0.8870
bend@090,623,-1.7650
bend@090,624,-1.6050
bend@090,625,-1.7700
bend@090,626,-2.4550
bend@090,627,-3.3290
bend@090,628,-3.3600
bend@090,629,-6.4050
bend@090,630,-7.7580
bend@090,631,-6.1010
bend@090,632,-7.6250
bend@090,633,-6.1290
bend@090,634,-5.1190
bend@090,635,-5.6140
bend@090,636,-4.6530
bend@090,637,-4.5870
bend@090,638,-4.9500
bend@090,639,-5.1390
bend@090,640,-9.6820
bend@090,641,-6.9380
bend@090,642,-8.3170
bend@090,643,-9.8300
bend@090,644,-7.2330
bend@090,645,-10.4670
bend@090,646,-14.0170
bend@090,647,-12.9000
bend@090,648,-11.3990
bend@090,649,28.6590
bend@090,650,28.1750
bend@090,651,28.1680
bend@090,652,26.0980
bend@090,653,28.2180
bend@090,654,28.2070
bend@090,655,27.4240
bend@090,656,27.2510
bend@090,657,28.1910
bend@090,658,28.9100
bend@090,659,26.2240
bend@090,660,26.9850
bend@090,661,26.1380
bend@090,662,26.7310
bend@090,663,25.7910
bend@090,664,28.3870
bend@090,665,-9.5460
bend@090,666,26.6630
bend@090,667,25.4120
bend@090,668,24.9110
bend@090,669,24.3820
bend@090,670,-12.5440
bend@090,671,-12.5050
bend@090,672,-12.5610
bend@090,673,-13.4740
bend@090,674,-14.4020
bend@090,675,-14.5200
bend@090,676,-14.2320
bend@090,677,-11.1770
bend@090,678,-8.9520
bend@090,679,-10.6500
bend@090,680,-10.1660
bend@090,681,-8.5310
bend@090,682,-9.5790
bend@090,683,-8.8060
bend@090,684,-7.5670
bend@090,685,-8.2880
bend@090,686,-5.4430
bend@090,687,-8.0750
bend@090,688,-10.2380
bend@090,689,-8.8610
bend@090,690,-6.2750
bend@090,691,-6.3030
bend@090,692,-2.3840
bend@090,693,-2.5650
bend@090,694,-1.6300
bend@090,695,-1.6540
bend@090,696,-1.8520
bend@090,697,-0.7360
bend@090,698,0.1840
bend@090,699,0.7410
bend@090,700,-0.7380
bend@090,701,0.7290
bend@090,702,0.9210
bend@090,703,0.0000
bend@090,704,-0.9080
bend@090,705,0.9110
bend@090,706,0.7260
bend@090,707,-0.9080
bend@090,708,0.0000
bend@090,709,-1.8100
bend@090,710,-0.1840
bend@090,711,-1.8110
bend@090,712,-0.9050
bend@090,713,-0.9050
bend@090,714,-1.8160
bend@090,715,0.0000
bend@090,716,-0.9130
bend@090,717,-2.7030
bend@090,718,-2.5250
bend@090,719,-1.8010
bend@090,720,0.7280
bend@090,721,-0.9120
bend@090,722,-0.9060
bend@090,723,-0.9210
bend@090,724,0.9130
bend@090,725,0.7270
bend@090,726,0.9030
bend@090,727,2.7240
bend@090,728,2.7270
bend@090,729,2.0070
bend@090,730,2.7880
bend@090,731,-0.1900
bend@090,732,-4.6690
bend@090,733,-5.9580
bend@090,734,-6.9430
bend@090,735,-5.9860
bend@090,736,-6.0990
bend@090,737,-11.7840
bend@090,738,-13.5010
bend@090,739,-14.4220
bend@090,740,-12.4940
bend@090,741,-11.4910
bend@090,742,-9.7310
bend@090,743,-10.6500
bend@090,744,-9.7140
bend@090,745,-10.5610
bend@090,746,-11.4990
bend@090,747,-11.4460
bend@090,748,-8.6520
bend@090,749,-6.1610
bend@090,750,-9.8350
bend@090,751,-8.8190
bend@090,752,-6.9270
bend@090,753,-6.0500
bend@090,754,-4.0170
bend@090,755,-2.0050
bend@090,756,-5.9150
bend@090,757,-5.9360
bend@090,758,-5.9850
bend@090,759,-5.9230
bend@090,760,-5.9160
bend@090,761,-5.9580
bend@090,762,-7.6390
bend@090,763,-4.7690
bend@090,764,-2.9460
bend@090,765,-1.1950
bend@090,766,0.0000
bend@090,767,0.0000
bend@090,768,0.0000
bend@090,769,0.0000
bend@090,770,-0.9830
bend@090,771,0.9840
bend@090,772,2.7180
bend@090,773,3.8640
bend@090,774,4.8210
bend@090,775,2.1100
bend@090,776,-0.9360
bend@090,777,0.1870
bend@090,778,-1.7150
bend@090,779,-1.8540
bend@090,780,-38.2280
bend@090,781,0.9030
bend@090,782,0.1820
bend@090,783,-0.9040
bend@090,784,-0.1810
bend@090,785,-0.1810
bend@090,786,-1.8190
bend@090,787,-0.9180
bend@090,788,-1.8150
bend@090,789,0.1830
bend@090,790,0.9140
bend@090,791,1.0950
bend@090,792,0.0000
reach@090,793,0.7260
reach@090,794,0.1810
reach@090,795,0.0000
reach@090,796,-1.7830
reach@090,797,0.0000
reach@090,798,0.9070
reach@090,799,1.8210
reach@090,800,0.7260
reach@090,801,0.9080
reach@090,802,0.9060
reach@090,803,0.9070
reach@090,804,0.9130
reach@090,805,-0.7190
reach@090,806,-0.9100
reach@090,807,-0.9100
reach@090,808,1.8200
reach@090,809,0.1800
reach@090,810,0.9060
reach@090,811,1.0850
reach@090,812,0.0000
reach@090,813,-1.8010
reach@090,814,0.0000
reach@090,815,0.9100
reach@090,816,0.9160
reach@090,817,0.0000
reach@090,818,0.9100
reach@090,819,-0.9030
reach@090,820,1.8440
reach@090,821,0.0000
reach@090,822,0.7260
reach@090,823,-0.9000
reach@090,824,0.0000
reach@090,825,-0.9390
reach@090,826,-2.8660
reach@090,827,-2.8700
reach@090,828,-2.8900
reach@090,829,-5.6460
reach@090,830,-6.7180
reach@090,831,-8.6160
reach@090,832,-8.9660
reach@090,833,-7.9470
reach@090,834,-11.9110
reach@090,835,-11.0380
reach@090,836,-11.3430
reach@090,837,-13.7670
reach@090,838,-12.8340
reach@090,839,-13.8500
reach@090,840,-12.8490
reach@090,841,-12.1600
reach@090,842,-13.0330
reach@090,843,-13.1090
reach@090,844,-13.0800
reach@090,845,-15.1740
reach@090,846,-14.3240
reach@090,847,-15.1510
reach@090,848,-15.2810
reach@090,849,-15.1780
reach@090,850,-14.1700
reach@090,851,-15.1110
reach@090,852,-14.0930
reach@090,853,-16.7820
reach@090,854,-15.9590
reach@090,855,-38.4960
reach@090,856,-17.0200
reach@090,857,-15.3130
reach@090,858,-18.7610
reach@090,859,-17.8160
reach@090,860,-18.6030
reach@090,861,-19.2400
reach@090,862,-35.5490
reach@090,863,-19.2090
reach@090,864,-15.2390
reach@090,865,-16.7150
reach@090,866,-14.4470
reach@090,867,-13.1040
reach@090,868,-15.3240
reach@090,869,-14.2440
reach@090,870,-13.0950
reach@090,871,-13.2020
reach@090,872,-14.1400
reach@090,873,-15.0920
reach@090,874,-15.0240
reach@090,875,-14.0740
reach@090,876,-14.0700
reach@090,877,-13.3690
reach@090,878,-14.1810
reach@090,879,-11.4800
reach@090,880,-13.1070
reach@090,881,-13.3030
reach@090,882,-14.2940
reach@090,883,-14.2830
reach@090,884,-15.3080
reach@090,885,-15.4120
reach@090,886,-15.2780
reach@090,887,-14.4680
reach@090,888,-14.4500
reach@090,889,-13.4500
reach@090,890,-14.4220
reach@090,891,-13.6760
reach@090,892,-13.4070
reach@090,893,-13.5870
reach@090,894,-14.4340
reach@090,895,-14.3550
reach@090,896,-13.5130
reach@090,897,-13.4390
reach@090,898,-15.3900
reach@090,899,-13.3740
reach@090,900,-15.2720
reach@090,901,-14.4260
reach@090,902,-15.9210
reach@090,903,-18.8500
reach@090,904,-17.0720
reach@090,905,-17.0670
reach@090,906,-14.1940
reach@090,907,-14.1900
reach@090,908,-16.9000
reach@090,909,-13.0830
reach@090,910,-14.0920
reach@090,911,-12.9280
reach@090,912,-15.8820
reach@090,913,-13.1200
reach@090,914,-12.2530
reach@090,915,-13.0310
reach@090,916,-13.9980
reach@090,917,-14.8790
reach@090,918,-13.9010
reach@090,920,-14.4090
reach@090,921,-14.0630
reach@090,922,-13.0230
reach@090,923,-14.1760
reach@090,924,-14.2350
reach@090,925,-13.2430
reach@090,926,-14.0970
reach@090,927,-14.0990
reach@090,928,-12.7210
reach@090,929,-15.1200
reach@090,930,-13.3370
reach@090,931,-15.0190
reach@090,932,-13.1600
reach@090,933,-14.3230
reach@090,934,-14.1310
reach@090,935,-13.0630
reach@090,936,-12.2000
reach@090,937,-12.9570
reach@090,938,-12.9540
reach@090,939,-15.0390
reach@090,940,-14.0070
reach@090,941,-14.0990
reach@090,942,-13.7980
reach@090,943,-14.1550
reach@090,944,-12.1380
reach@090,945,-15.0650
reach@090,946,-14.1090
reach@090,947,-14.2330
reach@090,948,-16.1010
reach@090,949,-14.1860
reach@090,950,-13.0940
reach@090,951,-14.1250
reach@090,952,-13.1680
reach@090,953,-15.0800
reach@090,954,-15.8900
reach@090,955,-13.2810
reach@090,956,-14.0580
reach@090,957,-14.0610
reach@090,958,-16.0150
reach@090,959,-15.0830
reach@090,960,-14.9030
reach@090,961,-14.2570
reach@090,962,-18.6770
reach@090,963,-14.9720
reach@090,964,-16.1220
reach@090,965,-17.5120
reach@090,966,-19.3170
reach@090,967,-18.4260
reach@090,968,-17.4540
reach@090,969,-16.6840
reach@090,970,-16.5250
reach@090,971,-14.5340
reach@090,972,-13.3180
reach@090,973,-14.8240
reach@090,974,-19.9810
reach@090,975,-18.4250
reach@090,976,-19.6060
reach@090,977,-19.6270
reach@090,978,-19.5840
reach@090,979,-18.8130
reach@090,980,-48.5560
reach@090,981,-50.3180
reach@090,982,-49.3970
reach@090,983,-15.7630
reach@090,984,-48.8840
reach@090,985,-47.0870
reach@090,986,-15.9180
reach@090,987,-50.5630
natural@090,988,4.4190
natural@090,989,6.6760
natural@090,990,4.3800
natural@090,991,6.6750
natural@090,992,6.8170
natural@090,993,7.0160
natural@090,994,4.7070
natural@090,995,4.7260
natural@090,996,4.6750
natural@090,997,2.4250
natural@090,998,3.6680
natural@090,999,3.8520
natural@090,1000,5.1770
natural@090,1001,3.7860
natural@090,1002,6.4200
natural@090,1003,4.2490
natural@090,1004,5.6590
natural@090,1005,6.7040
natural@090,1006,6.8500
natural@090,1007,5.5110
natural@090,1008,4.0910
natural@090,1009,2.7370
natural@090,1010,2.7310
natural@090,1011,2.5900
natural@090,1012,1.2030
natural@090,1013,1.2070
natural@090,1014,0.9610
natural@090,1015,2.5600
natural@090,1016,0.0000
natural@090,1017,0.0000
natural@090,1018,0.0000
natural@090,1019,1.2110
natural@090,1020,2.4090
natural@090,1021,3.6420
natural@090,1022,4.6530
natural@090,1023,0.8400
natural@090,1024,0.0000
natural@090,1025,-1.2170
natural@090,1026,0.0000
natural@090,1027,-1.8710
natural@090,1028,-1.0340
natural@090,1029,-4.1720
natural@090,1030,-5.2930
natural@090,1031,-7.4020
natural@090,1032,-8.4250
natural@090,1033,-6.1100
natural@090,1034,-10.4390
natural@090,1035,-12.3900
natural@090,1036,-13.3870
natural@090,1037,-16.3670
natural@090,1038,-21.3580
natural@090,1039,-23.3060
natural@090,1040,-23.8900
natural@090,1041,-24.8600
natural@090,1042,-25.8080
natural@090,1043,-26.1400
natural@090,1044,-27.8990
natural@090,1045,-31.2350
natural@090,1046,-33.1910
natural@090,1047,-32.7650
natural@090,1048,-32.8740
natural@090,1049,-33.8790
natural@090,1050,-35.1230
natural@090,1051,-30.4510
natural@090,1052,-29.2130
natural@090,1053,-29.6420
natural@090,1054,-28.8020
natural@090,1055,-27.6890
natural@090,1056,-26.2890
natural@090,1057,-25.6740
natural@090,1058,-25.9750
natural@090,1059,-26.4520
natural@090,1060,-26.3650
natural@090,1061,-27.0570
natural@090,1062,-28.6510
natural@090,1063,-27.6770
natural@090,1064,-31.0560
natural@090,1065,-26.9140
natural@090,1066,-27.3290
natural@090,1067,-29.8350
natural@090,1068,-28.3800
natural@090,1069,-26.9600
natural@090,1070,-25.9120
natural@090,1071,-28.9270
natural@090,1072,-29.0230
natural@090,1073,-30.3410
natural@090,1074,-30.9250
natural@090,1075,-29.0340
natural@090,1076,-28.8640
natural@090,1077,-28.2880
natural@090,1078,-28.1040
natural@090,1079,-26.1050
natural@090,1080,-24.9590
natural@090,1081,-22.8990
natural@090,1082,-16.4150
natural@090,1083,-11.4280
natural@090,1084,-7.5160
natural@090,1085,-3.2650
natural@090,1086,3.2020
natural@090,1087,3.3610
natural@090,1088,9.1520
natural@090,1089,3.3330
natural@090,1090,7.7250
natural@090,1091,10.3000
natural@090,1092,18.5170
natural@090,1093,21.4190
natural@090,1094,24.4760
natural@090,1095,25.1610
natural@090,1096,29.1590
natural@090,1097,29.7650
natural@090,1098,35.1780
natural@090,1099,33.3960
natural@090,1100,39.9030
natural@090,1101,41.9350
natural@090,1102,42.1870
natural@090,1103,40.0240
natural@090,1104,45.8470
natural@090,1105,49.0990
natural@090,1106,47.7660
natural@090,1107,56.5380
natural@090,1108,53.0180
natural@090,1109,52.4210
natural@090,1110,53.6740
natural@090,1111,53.9400
natural@090,1112,53.7360
natural@090,1113,52.9190
natural@090,1114,52.6060
natural@090,1115,50.0310
natural@090,1116,49.7870
natural@090,1117,49.4810
natural@090,1118,51.7980
natural@090,1119,50.9480
natural@090,1120,48.2810
natural@090,1121,48.8980
natural@090,1122,49.3470
natural@090,1123,45.5740
natural@090,1124,46.0060
natural@090,1125,45.7510
natural@090,1126,44.9960
natural@090,1127,44.9490
natural@090,1128,43.7090
natural@090,1129,43.1560
natural@090,1130,41.0760
natural@090,1131,39.5900
natural@090,1132,37.8410
natural@090,1133,37.7880
natural@090,1134,32.8110
natural@090,1135,28.2490
natural@090,1136,25.7040
natural@090,1137,25.2560
natural@090,1138,23.5580
natural@090,1139,24.3500
natural@090,1140,20.9820
natural@090,1141,16.2710
natural@090,1142,13.1840
natural@090,1143,11.5180
natural@090,1144,8.6770
natural@090,1145,5.6200
natural@090,1146,0.2850
natural@090,1147,-1.2380
natural@090,1148,-1.2570
natural@090,1149,-3.9400
natural@090,1150,-6.0360
natural@090,1151,-6.9740
natural@090,1152,-9.3900
natural@090,1153,-12.3270
natural@090,1154,-11.1010
natural@090,1155,-8.8780
natural@090,1156,-9.6230
natural@090,1157,-12.3960
natural@090,1158,-12.3920
natural@090,1159,-12.1050
natural@090,1160,-14.8010
natural@090,1161,-15.5890
natural@090,1162,-18.9130
natural@090,1163,-20.1500
natural@090,1164,-21.4270
natural@090,1165,-21.7140
natural@090,1166,-24.4620
natural@090,1167,-24.8400
natural@090,1168,-27.2950
natural@090,1169,-26.6290
natural@090,1170,-26.0360
natural@090,1171,-27.3500
natural@090,1172,-27.5040
natural@090,1173,-29.4190
natural@090,1174,-30.3350
natural@090,1175,-32.0950
natural@090,1176,-31.2740
natural@090,1177,-32.4660
natural@090,1178,-32.7520
natural@090,1179,-32.9810
natural@090,1180,-32.8310
natural@090,1181,-32.0020
natural@090,1182,-29.6680
natural@090,1183,-27.4610
natural@090,1184,-26.2160
